product,content,date_time
iPhone,I regret buying the iPhone. Not worth the money.,2016-08-03 08:44:25
Google Pixel,My Google Pixel runs all my apps smoothly.,2016-07-19 09:20:32
Xiaomi,The Xiaomi is a great value for the price.,2016-07-05 00:19:53
Xiaomi,The Xiaomi is really sleek and fast.,2016-09-14 21:00:51
iPhone,The camera on the iPhone is disappointing.,2016-07-25 19:44:52
iPhone,Battery life on the iPhone is excellent.,2016-08-25 05:06:20
OnePlus,Touchscreen on my OnePlus is unresponsive at times.,2016-07-11 19:08:25
Google Pixel,Touchscreen on my Google Pixel is unresponsive at times.,2016-09-21 19:05:01
iPhone,Experiencing connectivity issues with the iPhone.,2016-08-14 04:28:43
Samsung Galaxy,Experiencing connectivity issues with the Samsung Galaxy.,2016-09-06 23:27:17
Samsung Galaxy,Battery life on the Samsung Galaxy is excellent.,2016-07-05 08:57:53
iPhone,My iPhone is slower than expected.,2016-07-05 17:18:53
Xiaomi,Why is my Xiaomi overheating?,2016-07-15 00:18:55
Xiaomi,My Xiaomi runs all my apps smoothly.,2016-09-25 19:18:44
Samsung Galaxy,Not too impressed with the Samsung Galaxy. Expected more.,2016-08-10 02:05:58
Google Pixel,Just got my new Google Pixel! Loving it so far.,2016-07-02 06:16:15
Xiaomi,Touchscreen on my Xiaomi is unresponsive at times.,2016-09-24 02:24:21
Xiaomi,The camera on the Xiaomi is disappointing.,2016-07-03 03:55:44
Samsung Galaxy,Having some issues with my Samsung Galaxy. Anyone else?,2016-09-15 10:57:28
Google Pixel,Battery life on the Google Pixel could be better.,2016-09-05 04:06:41
Samsung Galaxy,My Samsung Galaxy is slower than expected.,2016-08-06 08:51:32
OnePlus,The camera on the OnePlus is disappointing.,2016-09-20 06:39:43
Samsung Galaxy,My Samsung Galaxy runs all my apps smoothly.,2016-09-13 20:11:08
OnePlus,The OnePlus is really sleek and fast.,2016-07-31 00:27:35
Xiaomi,Battery life on the Xiaomi is excellent.,2016-08-10 03:15:42
iPhone,Really happy with the performance of my new iPhone.,2016-09-16 10:17:34
iPhone,I'm impressed with the build quality of the iPhone.,2016-09-08 17:49:31
iPhone,I'm impressed with the build quality of the iPhone.,2016-09-13 17:08:26
Google Pixel,Really happy with the performance of my new Google Pixel.,2016-07-09 21:57:38
iPhone,Not too impressed with the iPhone. Expected more.,2016-09-19 14:16:21
Samsung Galaxy,The camera quality on the Samsung Galaxy is amazing.,2016-09-20 12:20:56
Samsung Galaxy,Not too impressed with the Samsung Galaxy. Expected more.,2016-09-10 10:26:09
iPhone,The iPhone keeps crashing. Frustrated!,2016-09-20 22:27:22
Samsung Galaxy,The display on the Samsung Galaxy is so vibrant and clear.,2016-07-16 21:31:07
Google Pixel,Having some issues with my Google Pixel. Anyone else?,2016-08-02 03:14:54
Xiaomi,The Xiaomi is a great value for the price.,2016-07-28 14:28:28
Samsung Galaxy,The Samsung Galaxy has exceeded my expectations!,2016-07-29 21:56:43
iPhone,My iPhone runs all my apps smoothly.,2016-08-01 12:14:28
Xiaomi,The camera on the Xiaomi is disappointing.,2016-08-08 03:16:24
iPhone,I'm impressed with the build quality of the iPhone.,2016-08-07 08:47:00
Samsung Galaxy,I regret buying the Samsung Galaxy. Not worth the money.,2016-08-15 07:15:47
OnePlus,I'm impressed with the build quality of the OnePlus.,2016-09-26 08:56:44
OnePlus,Having some issues with my OnePlus. Anyone else?,2016-07-01 22:53:18
iPhone,Why is my iPhone overheating?,2016-08-30 06:11:06
iPhone,Battery life on the iPhone is excellent.,2016-09-18 01:44:00
iPhone,I'm impressed with the build quality of the iPhone.,2016-09-09 13:17:11
Samsung Galaxy,The display on the Samsung Galaxy is so vibrant and clear.,2016-08-05 08:46:57
iPhone,The camera on the iPhone is disappointing.,2016-07-18 04:00:32
Samsung Galaxy,Not too impressed with the Samsung Galaxy. Expected more.,2016-07-18 23:36:57
Google Pixel,The display on the Google Pixel is so vibrant and clear.,2016-08-15 14:49:18
OnePlus,The OnePlus has exceeded my expectations!,2016-09-29 05:26:48
iPhone,Not too impressed with the iPhone. Expected more.,2016-09-12 10:52:32
OnePlus,I'm impressed with the build quality of the OnePlus.,2016-09-08 21:55:58
iPhone,Touchscreen on my iPhone is unresponsive at times.,2016-09-12 07:56:59
Google Pixel,My Google Pixel runs all my apps smoothly.,2016-08-20 04:37:27
Google Pixel,The Google Pixel has exceeded my expectations!,2016-08-05 18:04:43
Google Pixel,The display on the Google Pixel is so vibrant and clear.,2016-08-09 16:52:35
iPhone,The display on the iPhone is so vibrant and clear.,2016-08-23 23:12:48
OnePlus,The display on the OnePlus is so vibrant and clear.,2016-08-21 16:43:13
Google Pixel,Having some issues with my Google Pixel. Anyone else?,2016-09-02 04:15:21
Samsung Galaxy,The Samsung Galaxy is really sleek and fast.,2016-08-06 00:56:08
Google Pixel,The Google Pixel is a great value for the price.,2016-07-09 00:11:48
Samsung Galaxy,Battery life on the Samsung Galaxy is excellent.,2016-08-01 22:08:52
iPhone,Experiencing connectivity issues with the iPhone.,2016-07-17 20:46:57
Xiaomi,Having some issues with my Xiaomi. Anyone else?,2016-07-30 00:33:20
Xiaomi,I regret buying the Xiaomi. Not worth the money.,2016-08-16 02:40:46
iPhone,The iPhone keeps crashing. Frustrated!,2016-09-07 17:57:35
OnePlus,Experiencing connectivity issues with the OnePlus.,2016-08-13 07:37:41
Google Pixel,I'm impressed with the build quality of the Google Pixel.,2016-09-14 00:34:08
iPhone,The camera quality on the iPhone is amazing.,2016-08-20 13:50:40
iPhone,The display on the iPhone is so vibrant and clear.,2016-08-15 02:00:39
Samsung Galaxy,My Samsung Galaxy is slower than expected.,2016-08-09 13:51:02
iPhone,Experiencing connectivity issues with the iPhone.,2016-08-08 07:15:57
OnePlus,Experiencing connectivity issues with the OnePlus.,2016-08-30 15:44:48
OnePlus,My OnePlus runs all my apps smoothly.,2016-09-15 13:26:45
OnePlus,Battery life on the OnePlus could be better.,2016-09-03 15:30:05
Google Pixel,The Google Pixel is a great value for the price.,2016-08-10 17:11:40
Xiaomi,Not too impressed with the Xiaomi. Expected more.,2016-07-24 01:31:03
Xiaomi,Touchscreen on my Xiaomi is unresponsive at times.,2016-07-16 13:47:14
OnePlus,The OnePlus is really sleek and fast.,2016-07-06 10:31:07
iPhone,The camera on the iPhone is disappointing.,2016-08-08 07:27:53
iPhone,My iPhone runs all my apps smoothly.,2016-09-13 17:03:23
iPhone,Battery life on the iPhone could be better.,2016-07-13 15:32:35
Xiaomi,The camera quality on the Xiaomi is amazing.,2016-09-20 07:31:21
Google Pixel,Just got my new Google Pixel! Loving it so far.,2016-09-20 06:44:50
Xiaomi,Why is my Xiaomi overheating?,2016-07-22 13:51:57
Google Pixel,My Google Pixel is slower than expected.,2016-07-18 19:24:38
iPhone,Experiencing connectivity issues with the iPhone.,2016-07-25 09:14:32
OnePlus,The OnePlus has exceeded my expectations!,2016-08-09 19:46:22
Google Pixel,I regret buying the Google Pixel. Not worth the money.,2016-08-29 13:59:29
Xiaomi,The display on the Xiaomi is so vibrant and clear.,2016-07-15 22:30:18
OnePlus,Not too impressed with the OnePlus. Expected more.,2016-08-29 12:07:33
Google Pixel,I'm impressed with the build quality of the Google Pixel.,2016-07-03 16:34:52
OnePlus,I'm impressed with the build quality of the OnePlus.,2016-08-22 15:37:45
Xiaomi,Really happy with the performance of my new Xiaomi.,2016-09-20 06:22:40
iPhone,Not too impressed with the iPhone. Expected more.,2016-09-04 00:04:29
Samsung Galaxy,The camera on the Samsung Galaxy is disappointing.,2016-07-15 05:56:50
iPhone,The iPhone is a great value for the price.,2016-08-07 04:26:13
iPhone,The iPhone has exceeded my expectations!,2016-09-14 23:54:58
Xiaomi,Battery life on the Xiaomi is excellent.,2016-07-07 16:42:07
Google Pixel,Why is my Google Pixel overheating?,2016-07-13 08:06:29
OnePlus,The camera on the OnePlus is disappointing.,2016-07-12 08:54:41
Xiaomi,The camera on the Xiaomi is disappointing.,2016-09-11 05:35:42
Samsung Galaxy,Battery life on the Samsung Galaxy is excellent.,2016-08-10 15:14:30
OnePlus,Really happy with the performance of my new OnePlus.,2016-07-07 16:02:32
Samsung Galaxy,Experiencing connectivity issues with the Samsung Galaxy.,2016-08-23 15:20:42
Xiaomi,The camera on the Xiaomi is disappointing.,2016-07-09 20:25:19
Google Pixel,The Google Pixel has exceeded my expectations!,2016-07-13 14:01:27
iPhone,The iPhone keeps crashing. Frustrated!,2016-08-03 01:44:55
Xiaomi,Experiencing connectivity issues with the Xiaomi.,2016-07-31 16:30:27
Samsung Galaxy,Battery life on the Samsung Galaxy could be better.,2016-08-05 13:31:09
Samsung Galaxy,The Samsung Galaxy is a great value for the price.,2016-07-21 17:54:58
Google Pixel,Really happy with the performance of my new Google Pixel.,2016-09-14 23:29:27
Google Pixel,Battery life on the Google Pixel could be better.,2016-09-12 10:54:18
Samsung Galaxy,Touchscreen on my Samsung Galaxy is unresponsive at times.,2016-08-21 03:19:22
Samsung Galaxy,Having some issues with my Samsung Galaxy. Anyone else?,2016-09-01 01:46:14
Xiaomi,Battery life on the Xiaomi is excellent.,2016-07-23 15:55:33
Xiaomi,The Xiaomi is a great value for the price.,2016-08-31 19:28:20
iPhone,The iPhone keeps crashing. Frustrated!,2016-08-18 08:13:40
Samsung Galaxy,My Samsung Galaxy is slower than expected.,2016-09-12 02:51:04
Samsung Galaxy,I regret buying the Samsung Galaxy. Not worth the money.,2016-08-29 21:57:12
Xiaomi,Experiencing connectivity issues with the Xiaomi.,2016-09-05 11:54:30
iPhone,Experiencing connectivity issues with the iPhone.,2016-07-09 17:08:14
OnePlus,Not too impressed with the OnePlus. Expected more.,2016-08-07 09:43:44
Samsung Galaxy,I'm impressed with the build quality of the Samsung Galaxy.,2016-07-04 05:12:15
iPhone,Just got my new iPhone! Loving it so far.,2016-09-23 04:15:55
Samsung Galaxy,I'm impressed with the build quality of the Samsung Galaxy.,2016-09-13 23:30:40
Google Pixel,Experiencing connectivity issues with the Google Pixel.,2016-09-09 06:59:38
OnePlus,Really happy with the performance of my new OnePlus.,2016-09-19 16:04:06
Samsung Galaxy,Not too impressed with the Samsung Galaxy. Expected more.,2016-08-07 05:41:25
iPhone,The display on the iPhone is so vibrant and clear.,2016-09-19 05:21:48
OnePlus,My OnePlus is slower than expected.,2016-08-25 09:25:19
Xiaomi,The camera quality on the Xiaomi is amazing.,2016-09-25 16:31:06
Google Pixel,Experiencing connectivity issues with the Google Pixel.,2016-07-01 23:04:29
iPhone,Experiencing connectivity issues with the iPhone.,2016-08-18 12:00:53
Samsung Galaxy,The Samsung Galaxy is really sleek and fast.,2016-08-28 11:57:44
OnePlus,My OnePlus is slower than expected.,2016-07-21 03:58:48
Samsung Galaxy,The Samsung Galaxy is a great value for the price.,2016-07-05 15:18:39
Samsung Galaxy,Touchscreen on my Samsung Galaxy is unresponsive at times.,2016-08-14 00:30:48
Xiaomi,The Xiaomi has exceeded my expectations!,2016-09-10 22:04:18
OnePlus,I'm impressed with the build quality of the OnePlus.,2016-07-09 23:45:02
iPhone,Battery life on the iPhone is excellent.,2016-08-02 22:14:16
Xiaomi,I regret buying the Xiaomi. Not worth the money.,2016-09-25 14:16:26
OnePlus,Experiencing connectivity issues with the OnePlus.,2016-07-13 18:07:41
OnePlus,The OnePlus is really sleek and fast.,2016-09-23 03:31:23
Samsung Galaxy,Battery life on the Samsung Galaxy could be better.,2016-07-03 05:42:05
iPhone,Battery life on the iPhone could be better.,2016-08-20 20:51:25
Google Pixel,Just got my new Google Pixel! Loving it so far.,2016-07-26 17:09:39
Samsung Galaxy,I regret buying the Samsung Galaxy. Not worth the money.,2016-07-14 13:09:03
Samsung Galaxy,Battery life on the Samsung Galaxy could be better.,2016-08-07 14:15:27
Google Pixel,Battery life on the Google Pixel could be better.,2016-08-19 15:38:09
Xiaomi,My Xiaomi is slower than expected.,2016-07-07 01:39:27
OnePlus,Really happy with the performance of my new OnePlus.,2016-09-28 16:31:27
Samsung Galaxy,I regret buying the Samsung Galaxy. Not worth the money.,2016-07-24 19:05:53
iPhone,My iPhone runs all my apps smoothly.,2016-08-23 16:18:02
iPhone,Really happy with the performance of my new iPhone.,2016-07-14 02:31:04
OnePlus,Battery life on the OnePlus is excellent.,2016-07-16 18:16:37
iPhone,I'm impressed with the build quality of the iPhone.,2016-09-03 08:20:46
Samsung Galaxy,The Samsung Galaxy keeps crashing. Frustrated!,2016-08-07 17:09:27
Xiaomi,The camera on the Xiaomi is disappointing.,2016-09-16 11:29:02
Xiaomi,Why is my Xiaomi overheating?,2016-07-28 04:23:41
Google Pixel,Not too impressed with the Google Pixel. Expected more.,2016-07-04 21:36:30
Xiaomi,Just got my new Xiaomi! Loving it so far.,2016-09-22 13:57:26
Google Pixel,Battery life on the Google Pixel could be better.,2016-08-01 00:58:12
Xiaomi,Why is my Xiaomi overheating?,2016-08-23 13:32:29
iPhone,The iPhone has exceeded my expectations!,2016-08-14 21:55:25
iPhone,The camera quality on the iPhone is amazing.,2016-07-04 20:47:44
iPhone,Battery life on the iPhone is excellent.,2016-08-26 00:59:19
iPhone,The iPhone keeps crashing. Frustrated!,2016-07-29 18:39:48
Xiaomi,The camera quality on the Xiaomi is amazing.,2016-08-28 12:26:56
Samsung Galaxy,The display on the Samsung Galaxy is so vibrant and clear.,2016-09-25 00:55:47
Xiaomi,The camera quality on the Xiaomi is amazing.,2016-07-21 06:58:54
Google Pixel,Having some issues with my Google Pixel. Anyone else?,2016-07-08 15:17:13
Samsung Galaxy,Just got my new Samsung Galaxy! Loving it so far.,2016-09-12 03:22:18
OnePlus,The OnePlus is a great value for the price.,2016-09-09 12:00:08
Samsung Galaxy,The Samsung Galaxy keeps crashing. Frustrated!,2016-07-19 15:25:09
iPhone,The iPhone is a great value for the price.,2016-08-24 11:21:43
Google Pixel,The Google Pixel is a great value for the price.,2016-08-09 21:50:33
Samsung Galaxy,Having some issues with my Samsung Galaxy. Anyone else?,2016-09-02 00:50:55
iPhone,Having some issues with my iPhone. Anyone else?,2016-09-20 19:16:13
OnePlus,The OnePlus is really sleek and fast.,2016-07-09 04:52:54
Google Pixel,The Google Pixel keeps crashing. Frustrated!,2016-09-19 11:18:57
Google Pixel,Just got my new Google Pixel! Loving it so far.,2016-09-25 12:00:13
OnePlus,The OnePlus keeps crashing. Frustrated!,2016-07-14 05:21:43
Xiaomi,I regret buying the Xiaomi. Not worth the money.,2016-08-12 10:51:33
iPhone,I regret buying the iPhone. Not worth the money.,2016-09-29 23:55:31
iPhone,Really happy with the performance of my new iPhone.,2016-07-01 21:28:45
Samsung Galaxy,The camera quality on the Samsung Galaxy is amazing.,2016-08-10 21:32:28
OnePlus,The OnePlus is really sleek and fast.,2016-09-17 03:15:36
Samsung Galaxy,The camera quality on the Samsung Galaxy is amazing.,2016-08-23 11:00:21
Samsung Galaxy,Why is my Samsung Galaxy overheating?,2016-07-23 08:22:06
Google Pixel,I regret buying the Google Pixel. Not worth the money.,2016-07-17 23:39:24
Google Pixel,I regret buying the Google Pixel. Not worth the money.,2016-09-29 06:15:12
OnePlus,Experiencing connectivity issues with the OnePlus.,2016-07-29 20:58:06
Google Pixel,The Google Pixel has exceeded my expectations!,2016-09-03 18:11:07
Xiaomi,Battery life on the Xiaomi is excellent.,2016-07-15 21:37:18
Samsung Galaxy,Experiencing connectivity issues with the Samsung Galaxy.,2016-09-17 13:52:37
Xiaomi,I'm impressed with the build quality of the Xiaomi.,2016-08-19 23:40:25
Samsung Galaxy,Experiencing connectivity issues with the Samsung Galaxy.,2016-08-01 20:26:13
Xiaomi,My Xiaomi is slower than expected.,2016-09-01 09:52:51
Xiaomi,Having some issues with my Xiaomi. Anyone else?,2016-07-18 06:51:17
Samsung Galaxy,Having some issues with my Samsung Galaxy. Anyone else?,2016-09-13 21:29:39
Google Pixel,The Google Pixel is a great value for the price.,2016-09-09 06:25:53
OnePlus,The OnePlus has exceeded my expectations!,2016-09-26 02:43:58
Google Pixel,The Google Pixel keeps crashing. Frustrated!,2016-08-29 11:56:28
OnePlus,Having some issues with my OnePlus. Anyone else?,2016-08-17 02:29:05
Google Pixel,The camera on the Google Pixel is disappointing.,2016-08-05 11:03:46
OnePlus,The OnePlus keeps crashing. Frustrated!,2016-07-21 13:00:30
Samsung Galaxy,Why is my Samsung Galaxy overheating?,2016-08-11 11:55:56
Google Pixel,Battery life on the Google Pixel could be better.,2016-09-27 05:52:06
Google Pixel,Not too impressed with the Google Pixel. Expected more.,2016-08-29 05:05:14
Xiaomi,The Xiaomi keeps crashing. Frustrated!,2016-08-19 21:03:40
Xiaomi,Having some issues with my Xiaomi. Anyone else?,2016-07-08 20:15:12
iPhone,The camera on the iPhone is disappointing.,2016-09-21 02:50:51
Samsung Galaxy,Battery life on the Samsung Galaxy could be better.,2016-09-15 13:07:37
Samsung Galaxy,Battery life on the Samsung Galaxy is excellent.,2016-07-12 21:57:17
Xiaomi,The display on the Xiaomi is so vibrant and clear.,2016-07-24 12:27:36
iPhone,The iPhone has exceeded my expectations!,2016-08-23 00:37:06
Xiaomi,The Xiaomi is really sleek and fast.,2016-09-25 23:22:54
Xiaomi,Experiencing connectivity issues with the Xiaomi.,2016-07-11 08:10:56
Samsung Galaxy,Really happy with the performance of my new Samsung Galaxy.,2016-08-28 02:11:41
Samsung Galaxy,Experiencing connectivity issues with the Samsung Galaxy.,2016-09-10 14:14:46
Xiaomi,Really happy with the performance of my new Xiaomi.,2016-07-03 19:52:10
OnePlus,Experiencing connectivity issues with the OnePlus.,2016-07-07 12:09:55
Xiaomi,Having some issues with my Xiaomi. Anyone else?,2016-08-10 07:05:15
Samsung Galaxy,The Samsung Galaxy is a great value for the price.,2016-07-08 09:36:29
iPhone,The iPhone keeps crashing. Frustrated!,2016-07-22 10:56:27
Google Pixel,Experiencing connectivity issues with the Google Pixel.,2016-08-17 21:49:46
iPhone,My iPhone is slower than expected.,2016-07-10 06:35:59
Samsung Galaxy,I'm impressed with the build quality of the Samsung Galaxy.,2016-07-23 01:33:29
Xiaomi,The camera on the Xiaomi is disappointing.,2016-08-31 07:28:32
iPhone,My iPhone runs all my apps smoothly.,2016-09-04 04:52:24
OnePlus,Battery life on the OnePlus could be better.,2016-08-27 12:02:16
Xiaomi,Not too impressed with the Xiaomi. Expected more.,2016-08-16 09:50:54
OnePlus,Experiencing connectivity issues with the OnePlus.,2016-08-02 02:09:00
OnePlus,The OnePlus has exceeded my expectations!,2016-07-08 05:19:14
Xiaomi,The Xiaomi is a great value for the price.,2016-07-13 13:19:48
iPhone,The display on the iPhone is so vibrant and clear.,2016-09-22 22:01:09
iPhone,The camera quality on the iPhone is amazing.,2016-07-19 05:14:21
iPhone,Touchscreen on my iPhone is unresponsive at times.,2016-07-21 21:40:59
Xiaomi,Not too impressed with the Xiaomi. Expected more.,2016-07-06 19:52:20
Xiaomi,The Xiaomi keeps crashing. Frustrated!,2016-07-28 23:37:10
Xiaomi,Not too impressed with the Xiaomi. Expected more.,2016-09-07 06:48:58
Xiaomi,The camera quality on the Xiaomi is amazing.,2016-08-06 01:37:28
iPhone,Why is my iPhone overheating?,2016-09-11 10:59:29
Xiaomi,I'm impressed with the build quality of the Xiaomi.,2016-08-20 04:20:38
OnePlus,My OnePlus is slower than expected.,2016-07-11 13:26:32
Xiaomi,My Xiaomi runs all my apps smoothly.,2016-07-25 18:37:27
Samsung Galaxy,The display on the Samsung Galaxy is so vibrant and clear.,2016-09-08 00:07:11
Google Pixel,Why is my Google Pixel overheating?,2016-07-26 11:13:13
Google Pixel,I regret buying the Google Pixel. Not worth the money.,2016-07-16 16:19:25
Xiaomi,Why is my Xiaomi overheating?,2016-08-04 12:25:10
Samsung Galaxy,I regret buying the Samsung Galaxy. Not worth the money.,2016-08-22 12:44:54
Samsung Galaxy,I'm impressed with the build quality of the Samsung Galaxy.,2016-07-27 09:42:32
Samsung Galaxy,The Samsung Galaxy is a great value for the price.,2016-09-17 18:37:02
Google Pixel,The camera quality on the Google Pixel is amazing.,2016-08-27 17:23:00
Google Pixel,My Google Pixel runs all my apps smoothly.,2016-07-05 15:43:45
iPhone,My iPhone runs all my apps smoothly.,2016-07-27 17:30:27
Xiaomi,Battery life on the Xiaomi could be better.,2016-09-03 10:37:42
OnePlus,The OnePlus is really sleek and fast.,2016-09-02 12:41:33
Xiaomi,Experiencing connectivity issues with the Xiaomi.,2016-08-30 15:40:00
Xiaomi,The camera on the Xiaomi is disappointing.,2016-09-16 06:24:25
Google Pixel,Battery life on the Google Pixel could be better.,2016-07-22 22:48:55
iPhone,Just got my new iPhone! Loving it so far.,2016-07-29 14:05:30
OnePlus,The camera quality on the OnePlus is amazing.,2016-07-16 03:59:20
iPhone,Battery life on the iPhone could be better.,2016-09-23 19:11:55
Samsung Galaxy,Really happy with the performance of my new Samsung Galaxy.,2016-09-03 20:14:35
Google Pixel,The Google Pixel keeps crashing. Frustrated!,2016-08-30 17:26:51
iPhone,My iPhone runs all my apps smoothly.,2016-09-03 15:49:40
Xiaomi,The Xiaomi is really sleek and fast.,2016-09-20 12:32:01
Xiaomi,Why is my Xiaomi overheating?,2016-09-29 16:58:06
iPhone,The camera quality on the iPhone is amazing.,2016-09-08 06:09:20
Google Pixel,The Google Pixel is a great value for the price.,2016-09-29 20:44:31
OnePlus,The OnePlus keeps crashing. Frustrated!,2016-07-19 03:50:58
OnePlus,The display on the OnePlus is so vibrant and clear.,2016-09-02 10:13:27
Xiaomi,Not too impressed with the Xiaomi. Expected more.,2016-08-03 19:48:43
Xiaomi,Experiencing connectivity issues with the Xiaomi.,2016-07-11 23:53:25
Samsung Galaxy,Experiencing connectivity issues with the Samsung Galaxy.,2016-08-30 05:58:04
Samsung Galaxy,The display on the Samsung Galaxy is so vibrant and clear.,2016-09-13 16:08:56
Xiaomi,Really happy with the performance of my new Xiaomi.,2016-09-14 15:26:45
iPhone,Battery life on the iPhone could be better.,2016-09-17 01:41:52
OnePlus,Touchscreen on my OnePlus is unresponsive at times.,2016-07-22 15:31:02
Google Pixel,Having some issues with my Google Pixel. Anyone else?,2016-08-25 11:48:20
Google Pixel,Having some issues with my Google Pixel. Anyone else?,2016-07-12 15:58:52
Xiaomi,Battery life on the Xiaomi could be better.,2016-07-04 00:24:41
Xiaomi,My Xiaomi is slower than expected.,2016-07-21 17:57:53
OnePlus,Having some issues with my OnePlus. Anyone else?,2016-09-27 10:55:50
Samsung Galaxy,Battery life on the Samsung Galaxy could be better.,2016-07-16 08:23:28
Samsung Galaxy,Having some issues with my Samsung Galaxy. Anyone else?,2016-09-08 19:13:52
iPhone,The iPhone has exceeded my expectations!,2016-08-22 13:58:04
OnePlus,Just got my new OnePlus! Loving it so far.,2016-07-17 10:11:26
Samsung Galaxy,The Samsung Galaxy keeps crashing. Frustrated!,2016-07-26 09:28:21
iPhone,The camera on the iPhone is disappointing.,2016-09-04 00:00:14
Xiaomi,I regret buying the Xiaomi. Not worth the money.,2016-09-22 17:07:54
OnePlus,The OnePlus is really sleek and fast.,2016-08-19 07:12:25
Google Pixel,The camera on the Google Pixel is disappointing.,2016-09-11 10:29:19
Samsung Galaxy,Battery life on the Samsung Galaxy could be better.,2016-07-29 19:49:34
Google Pixel,The camera quality on the Google Pixel is amazing.,2016-09-13 15:24:20
Google Pixel,My Google Pixel runs all my apps smoothly.,2016-09-20 04:01:00
Google Pixel,Not too impressed with the Google Pixel. Expected more.,2016-08-21 18:52:50
Google Pixel,Battery life on the Google Pixel is excellent.,2016-08-24 11:54:29
iPhone,Having some issues with my iPhone. Anyone else?,2016-08-18 01:48:11
iPhone,The display on the iPhone is so vibrant and clear.,2016-09-20 15:27:51
Samsung Galaxy,Battery life on the Samsung Galaxy is excellent.,2016-08-24 03:35:29
Xiaomi,Why is my Xiaomi overheating?,2016-09-17 11:19:01
OnePlus,The OnePlus keeps crashing. Frustrated!,2016-07-12 10:40:26
Samsung Galaxy,The Samsung Galaxy is really sleek and fast.,2016-09-27 10:44:04
iPhone,Touchscreen on my iPhone is unresponsive at times.,2016-09-25 13:23:47
OnePlus,Touchscreen on my OnePlus is unresponsive at times.,2016-09-03 07:54:21
iPhone,I regret buying the iPhone. Not worth the money.,2016-07-24 23:06:26
Xiaomi,The Xiaomi keeps crashing. Frustrated!,2016-07-08 06:28:49
Samsung Galaxy,The display on the Samsung Galaxy is so vibrant and clear.,2016-08-12 01:12:57
Google Pixel,Just got my new Google Pixel! Loving it so far.,2016-07-22 03:52:02
iPhone,My iPhone is slower than expected.,2016-07-18 01:30:06
Google Pixel,Experiencing connectivity issues with the Google Pixel.,2016-08-03 04:14:17
OnePlus,I'm impressed with the build quality of the OnePlus.,2016-07-13 03:52:42
OnePlus,The display on the OnePlus is so vibrant and clear.,2016-08-05 05:05:33
OnePlus,The OnePlus keeps crashing. Frustrated!,2016-07-16 03:44:16
iPhone,The camera quality on the iPhone is amazing.,2016-09-18 07:01:44
Samsung Galaxy,Why is my Samsung Galaxy overheating?,2016-09-15 17:07:48
iPhone,The camera on the iPhone is disappointing.,2016-07-24 21:06:47
iPhone,Really happy with the performance of my new iPhone.,2016-08-16 04:57:41
OnePlus,The camera on the OnePlus is disappointing.,2016-07-01 14:10:15
Xiaomi,The Xiaomi is a great value for the price.,2016-08-17 00:06:26
Google Pixel,Why is my Google Pixel overheating?,2016-09-13 13:58:59
Samsung Galaxy,Battery life on the Samsung Galaxy could be better.,2016-07-27 22:02:42
Samsung Galaxy,Really happy with the performance of my new Samsung Galaxy.,2016-08-09 16:07:16
Samsung Galaxy,The camera on the Samsung Galaxy is disappointing.,2016-08-02 10:48:20
Samsung Galaxy,Not too impressed with the Samsung Galaxy. Expected more.,2016-09-13 06:32:00
iPhone,Battery life on the iPhone is excellent.,2016-07-07 03:05:17
Xiaomi,Battery life on the Xiaomi could be better.,2016-07-16 15:13:35
iPhone,The iPhone keeps crashing. Frustrated!,2016-09-07 22:06:38
Samsung Galaxy,Just got my new Samsung Galaxy! Loving it so far.,2016-08-11 13:40:23
OnePlus,The camera quality on the OnePlus is amazing.,2016-08-15 14:51:59
Xiaomi,My Xiaomi runs all my apps smoothly.,2016-07-23 13:04:46
OnePlus,Battery life on the OnePlus is excellent.,2016-07-04 04:21:32
OnePlus,My OnePlus is slower than expected.,2016-07-20 10:02:13
Google Pixel,The Google Pixel is a great value for the price.,2016-09-14 04:09:39
OnePlus,Experiencing connectivity issues with the OnePlus.,2016-08-21 04:43:50
OnePlus,My OnePlus is slower than expected.,2016-08-31 18:24:30
Google Pixel,Why is my Google Pixel overheating?,2016-08-17 17:05:48
Samsung Galaxy,The camera on the Samsung Galaxy is disappointing.,2016-09-02 06:46:08
Google Pixel,My Google Pixel runs all my apps smoothly.,2016-07-18 04:16:04
iPhone,I regret buying the iPhone. Not worth the money.,2016-08-27 04:12:02
Google Pixel,Just got my new Google Pixel! Loving it so far.,2016-07-18 08:31:54
Google Pixel,The Google Pixel is a great value for the price.,2016-07-18 17:07:47
OnePlus,The display on the OnePlus is so vibrant and clear.,2016-08-12 20:49:17
Samsung Galaxy,Really happy with the performance of my new Samsung Galaxy.,2016-09-01 09:17:04
iPhone,The camera quality on the iPhone is amazing.,2016-07-28 10:01:56
Google Pixel,Experiencing connectivity issues with the Google Pixel.,2016-08-15 06:46:06
iPhone,The camera on the iPhone is disappointing.,2016-08-21 07:41:41
OnePlus,The camera quality on the OnePlus is amazing.,2016-07-04 09:54:07
iPhone,Battery life on the iPhone could be better.,2016-09-29 02:30:47
iPhone,Why is my iPhone overheating?,2016-07-15 07:57:54
OnePlus,Battery life on the OnePlus is excellent.,2016-09-15 05:05:44
Google Pixel,Battery life on the Google Pixel could be better.,2016-07-26 12:02:21
Google Pixel,Battery life on the Google Pixel is excellent.,2016-07-12 12:22:30
Samsung Galaxy,Experiencing connectivity issues with the Samsung Galaxy.,2016-07-11 09:43:33
Samsung Galaxy,Having some issues with my Samsung Galaxy. Anyone else?,2016-07-19 12:30:30
Google Pixel,Touchscreen on my Google Pixel is unresponsive at times.,2016-09-07 00:14:45
Xiaomi,Why is my Xiaomi overheating?,2016-08-11 21:24:57
Google Pixel,My Google Pixel is slower than expected.,2016-09-26 01:43:09
Samsung Galaxy,I regret buying the Samsung Galaxy. Not worth the money.,2016-07-03 02:06:08
Google Pixel,I regret buying the Google Pixel. Not worth the money.,2016-07-17 11:58:06
OnePlus,The camera on the OnePlus is disappointing.,2016-08-30 02:48:24
Samsung Galaxy,The camera quality on the Samsung Galaxy is amazing.,2016-08-18 21:18:53
Google Pixel,The Google Pixel has exceeded my expectations!,2016-07-24 08:17:56
Samsung Galaxy,I'm impressed with the build quality of the Samsung Galaxy.,2016-08-18 12:05:13
Google Pixel,Just got my new Google Pixel! Loving it so far.,2016-09-18 13:29:37
OnePlus,I regret buying the OnePlus. Not worth the money.,2016-09-11 13:24:04
iPhone,Not too impressed with the iPhone. Expected more.,2016-08-04 14:13:03
Samsung Galaxy,The Samsung Galaxy keeps crashing. Frustrated!,2016-08-10 04:27:35
iPhone,The iPhone has exceeded my expectations!,2016-09-19 09:46:45
Xiaomi,Why is my Xiaomi overheating?,2016-07-04 19:07:33
Google Pixel,Why is my Google Pixel overheating?,2016-07-15 07:04:50
Google Pixel,The display on the Google Pixel is so vibrant and clear.,2016-07-12 09:45:10
iPhone,Experiencing connectivity issues with the iPhone.,2016-09-11 11:47:16
iPhone,The iPhone is really sleek and fast.,2016-07-23 03:58:05
Xiaomi,The display on the Xiaomi is so vibrant and clear.,2016-09-28 01:30:23
Xiaomi,Not too impressed with the Xiaomi. Expected more.,2016-08-19 00:46:05
Xiaomi,The Xiaomi is really sleek and fast.,2016-09-19 18:03:25
Samsung Galaxy,Battery life on the Samsung Galaxy could be better.,2016-07-18 15:17:43
Xiaomi,Touchscreen on my Xiaomi is unresponsive at times.,2016-07-26 06:24:33
Xiaomi,I'm impressed with the build quality of the Xiaomi.,2016-08-18 18:32:57
Google Pixel,The Google Pixel keeps crashing. Frustrated!,2016-07-04 11:48:19
OnePlus,The display on the OnePlus is so vibrant and clear.,2016-08-21 12:02:31
Samsung Galaxy,The camera quality on the Samsung Galaxy is amazing.,2016-08-04 19:09:39
Samsung Galaxy,The camera quality on the Samsung Galaxy is amazing.,2016-07-19 05:55:46
iPhone,The iPhone is really sleek and fast.,2016-08-27 08:37:34
Xiaomi,Having some issues with my Xiaomi. Anyone else?,2016-08-14 09:59:30
iPhone,I regret buying the iPhone. Not worth the money.,2016-09-05 11:02:41
OnePlus,Experiencing connectivity issues with the OnePlus.,2016-08-19 15:15:59
Samsung Galaxy,The Samsung Galaxy is a great value for the price.,2016-09-02 02:57:14
iPhone,I regret buying the iPhone. Not worth the money.,2016-08-17 08:51:21
Google Pixel,The Google Pixel keeps crashing. Frustrated!,2016-08-17 23:47:04
Samsung Galaxy,The Samsung Galaxy is a great value for the price.,2016-08-27 13:03:42
Google Pixel,Why is my Google Pixel overheating?,2016-08-28 12:44:23
OnePlus,Battery life on the OnePlus is excellent.,2016-09-17 04:25:09
Xiaomi,Not too impressed with the Xiaomi. Expected more.,2016-09-11 23:34:37
OnePlus,Experiencing connectivity issues with the OnePlus.,2016-07-03 02:14:58
iPhone,I regret buying the iPhone. Not worth the money.,2016-07-07 14:48:44
Google Pixel,Battery life on the Google Pixel is excellent.,2016-07-15 21:37:46
Google Pixel,The Google Pixel is really sleek and fast.,2016-09-11 02:31:32
Google Pixel,Just got my new Google Pixel! Loving it so far.,2016-08-13 13:52:27
Google Pixel,The display on the Google Pixel is so vibrant and clear.,2016-09-07 10:17:57
iPhone,Battery life on the iPhone is excellent.,2016-07-12 06:06:22
Samsung Galaxy,The camera on the Samsung Galaxy is disappointing.,2016-07-25 03:24:34
OnePlus,Battery life on the OnePlus is excellent.,2016-08-05 14:53:54
Google Pixel,Really happy with the performance of my new Google Pixel.,2016-08-08 04:56:26
Xiaomi,Really happy with the performance of my new Xiaomi.,2016-07-03 20:11:53
Google Pixel,Battery life on the Google Pixel could be better.,2016-08-20 23:23:49
OnePlus,Experiencing connectivity issues with the OnePlus.,2016-09-09 00:26:14
iPhone,The display on the iPhone is so vibrant and clear.,2016-07-14 18:38:28
Samsung Galaxy,Touchscreen on my Samsung Galaxy is unresponsive at times.,2016-08-04 13:14:13
Xiaomi,My Xiaomi is slower than expected.,2016-08-31 22:17:38
Xiaomi,My Xiaomi is slower than expected.,2016-07-04 06:01:08
Samsung Galaxy,I'm impressed with the build quality of the Samsung Galaxy.,2016-07-06 06:02:28
Xiaomi,My Xiaomi runs all my apps smoothly.,2016-07-14 20:30:16
Samsung Galaxy,The Samsung Galaxy keeps crashing. Frustrated!,2016-09-17 09:54:12
Google Pixel,I'm impressed with the build quality of the Google Pixel.,2016-09-23 13:52:08
Xiaomi,Touchscreen on my Xiaomi is unresponsive at times.,2016-07-05 04:24:27
iPhone,The iPhone is really sleek and fast.,2016-08-28 12:38:09
iPhone,Battery life on the iPhone is excellent.,2016-08-13 10:45:11
Google Pixel,Experiencing connectivity issues with the Google Pixel.,2016-07-23 15:43:55
Xiaomi,Really happy with the performance of my new Xiaomi.,2016-09-16 15:00:59
Samsung Galaxy,The Samsung Galaxy is really sleek and fast.,2016-07-21 13:20:25
Google Pixel,The Google Pixel keeps crashing. Frustrated!,2016-08-02 18:36:30
Samsung Galaxy,The Samsung Galaxy has exceeded my expectations!,2016-09-24 20:46:26
Samsung Galaxy,The camera quality on the Samsung Galaxy is amazing.,2016-07-05 07:11:47
Google Pixel,Battery life on the Google Pixel could be better.,2016-07-23 13:19:18
iPhone,Battery life on the iPhone is excellent.,2016-09-07 04:56:38
OnePlus,The display on the OnePlus is so vibrant and clear.,2016-09-28 13:28:16
Google Pixel,Why is my Google Pixel overheating?,2016-09-03 03:27:51
OnePlus,The camera on the OnePlus is disappointing.,2016-08-16 05:00:56
OnePlus,Just got my new OnePlus! Loving it so far.,2016-08-08 06:39:23
Xiaomi,Battery life on the Xiaomi is excellent.,2016-09-23 04:58:12
OnePlus,The camera on the OnePlus is disappointing.,2016-09-16 11:18:54
iPhone,The iPhone is a great value for the price.,2016-08-16 12:12:08
Google Pixel,The camera on the Google Pixel is disappointing.,2016-08-28 09:39:30
Google Pixel,My Google Pixel runs all my apps smoothly.,2016-08-14 04:05:43
Xiaomi,The Xiaomi is really sleek and fast.,2016-08-10 09:45:24
Google Pixel,The Google Pixel is really sleek and fast.,2016-07-23 12:25:34
iPhone,Having some issues with my iPhone. Anyone else?,2016-09-02 03:32:06
Xiaomi,Battery life on the Xiaomi could be better.,2016-07-29 02:57:34
Xiaomi,My Xiaomi is slower than expected.,2016-08-03 11:00:48
iPhone,My iPhone is slower than expected.,2016-09-05 05:50:22
OnePlus,Touchscreen on my OnePlus is unresponsive at times.,2016-08-21 10:30:52
Xiaomi,Really happy with the performance of my new Xiaomi.,2016-08-25 10:34:30
iPhone,The iPhone has exceeded my expectations!,2016-08-15 18:41:56
OnePlus,The OnePlus has exceeded my expectations!,2016-07-20 17:28:53
iPhone,Battery life on the iPhone is excellent.,2016-08-06 11:40:35
iPhone,I regret buying the iPhone. Not worth the money.,2016-09-07 09:04:44
Google Pixel,The camera quality on the Google Pixel is amazing.,2016-07-22 22:31:40
iPhone,My iPhone runs all my apps smoothly.,2016-09-01 13:36:21
Xiaomi,My Xiaomi runs all my apps smoothly.,2016-09-09 11:33:29
iPhone,Touchscreen on my iPhone is unresponsive at times.,2016-07-18 02:36:50
iPhone,My iPhone runs all my apps smoothly.,2016-08-20 07:56:56
iPhone,Experiencing connectivity issues with the iPhone.,2016-07-11 11:13:26
OnePlus,The OnePlus is really sleek and fast.,2016-07-28 03:34:54
Google Pixel,Having some issues with my Google Pixel. Anyone else?,2016-07-21 00:55:14
Samsung Galaxy,Really happy with the performance of my new Samsung Galaxy.,2016-08-13 15:58:14
Google Pixel,Touchscreen on my Google Pixel is unresponsive at times.,2016-08-02 11:33:12
iPhone,My iPhone runs all my apps smoothly.,2016-08-08 22:36:15
iPhone,Really happy with the performance of my new iPhone.,2016-08-20 06:47:19
Xiaomi,Why is my Xiaomi overheating?,2016-08-14 16:34:18
Google Pixel,Touchscreen on my Google Pixel is unresponsive at times.,2016-09-24 22:34:04
Samsung Galaxy,The Samsung Galaxy has exceeded my expectations!,2016-09-23 08:26:21
Xiaomi,The camera quality on the Xiaomi is amazing.,2016-08-05 10:19:18
iPhone,I'm impressed with the build quality of the iPhone.,2016-09-15 15:41:18
iPhone,The iPhone keeps crashing. Frustrated!,2016-09-26 07:54:31
Google Pixel,My Google Pixel runs all my apps smoothly.,2016-07-01 21:44:50
iPhone,The iPhone is really sleek and fast.,2016-09-17 04:17:14
Xiaomi,The camera on the Xiaomi is disappointing.,2016-07-29 05:53:38
Google Pixel,The Google Pixel has exceeded my expectations!,2016-08-03 05:33:50
Xiaomi,Having some issues with my Xiaomi. Anyone else?,2016-07-28 03:40:28
Samsung Galaxy,My Samsung Galaxy is slower than expected.,2016-07-20 01:40:36
Samsung Galaxy,The Samsung Galaxy keeps crashing. Frustrated!,2016-09-28 09:36:41
Google Pixel,Not too impressed with the Google Pixel. Expected more.,2016-09-03 22:31:20
Samsung Galaxy,Really happy with the performance of my new Samsung Galaxy.,2016-07-02 00:10:55
iPhone,Having some issues with my iPhone. Anyone else?,2016-08-24 02:25:16
Google Pixel,Battery life on the Google Pixel is excellent.,2016-08-01 07:23:48
Samsung Galaxy,My Samsung Galaxy is slower than expected.,2016-09-02 15:33:16
Samsung Galaxy,The Samsung Galaxy has exceeded my expectations!,2016-07-18 02:28:53
OnePlus,Battery life on the OnePlus could be better.,2016-09-19 08:17:38
Xiaomi,Battery life on the Xiaomi could be better.,2016-09-24 08:05:35
Samsung Galaxy,I regret buying the Samsung Galaxy. Not worth the money.,2016-07-24 20:53:18
OnePlus,Battery life on the OnePlus is excellent.,2016-07-15 00:09:58
Xiaomi,My Xiaomi is slower than expected.,2016-09-23 12:19:35
Xiaomi,Really happy with the performance of my new Xiaomi.,2016-07-21 21:12:34
Google Pixel,My Google Pixel is slower than expected.,2016-08-28 08:19:21
Xiaomi,Battery life on the Xiaomi could be better.,2016-08-17 18:20:19
OnePlus,Battery life on the OnePlus could be better.,2016-09-20 20:57:11
Google Pixel,My Google Pixel is slower than expected.,2016-09-04 09:27:23
OnePlus,The OnePlus has exceeded my expectations!,2016-07-15 07:57:29
Samsung Galaxy,Really happy with the performance of my new Samsung Galaxy.,2016-07-22 05:51:55
OnePlus,Touchscreen on my OnePlus is unresponsive at times.,2016-08-10 09:08:04
iPhone,My iPhone runs all my apps smoothly.,2016-07-30 02:39:06
OnePlus,I regret buying the OnePlus. Not worth the money.,2016-08-19 04:29:06
Xiaomi,I regret buying the Xiaomi. Not worth the money.,2016-08-04 14:09:47
iPhone,I'm impressed with the build quality of the iPhone.,2016-08-07 07:36:10
Samsung Galaxy,Experiencing connectivity issues with the Samsung Galaxy.,2016-09-15 08:38:12
Google Pixel,Experiencing connectivity issues with the Google Pixel.,2016-07-13 06:36:13
Google Pixel,Not too impressed with the Google Pixel. Expected more.,2016-08-25 19:20:43
Xiaomi,Experiencing connectivity issues with the Xiaomi.,2016-08-21 13:13:04
iPhone,My iPhone is slower than expected.,2016-09-27 20:23:48
Google Pixel,Battery life on the Google Pixel is excellent.,2016-08-02 04:35:29
Xiaomi,Battery life on the Xiaomi could be better.,2016-08-16 12:22:18
Google Pixel,Just got my new Google Pixel! Loving it so far.,2016-07-15 23:38:57
iPhone,The iPhone is really sleek and fast.,2016-08-01 23:27:08
Samsung Galaxy,The Samsung Galaxy is really sleek and fast.,2016-07-25 19:06:55
iPhone,The camera quality on the iPhone is amazing.,2016-09-06 05:39:39
iPhone,The iPhone is really sleek and fast.,2016-08-26 22:08:24
iPhone,The iPhone keeps crashing. Frustrated!,2016-07-13 12:24:19
OnePlus,The OnePlus is a great value for the price.,2016-07-16 04:27:16
iPhone,The camera on the iPhone is disappointing.,2016-08-28 22:54:42
Google Pixel,The Google Pixel is really sleek and fast.,2016-08-07 21:58:43
Google Pixel,The Google Pixel keeps crashing. Frustrated!,2016-09-12 03:30:28
OnePlus,Why is my OnePlus overheating?,2016-07-31 07:17:54
Samsung Galaxy,Really happy with the performance of my new Samsung Galaxy.,2016-07-21 07:47:46
Google Pixel,I'm impressed with the build quality of the Google Pixel.,2016-07-30 21:02:19
Google Pixel,Experiencing connectivity issues with the Google Pixel.,2016-09-22 06:40:11
Xiaomi,The display on the Xiaomi is so vibrant and clear.,2016-08-03 10:07:48
Xiaomi,Not too impressed with the Xiaomi. Expected more.,2016-07-02 15:17:26
OnePlus,Touchscreen on my OnePlus is unresponsive at times.,2016-07-02 09:42:05
Google Pixel,Experiencing connectivity issues with the Google Pixel.,2016-07-02 23:40:29
OnePlus,I'm impressed with the build quality of the OnePlus.,2016-09-13 01:22:58
Xiaomi,I'm impressed with the build quality of the Xiaomi.,2016-08-11 14:54:18
OnePlus,Touchscreen on my OnePlus is unresponsive at times.,2016-08-07 10:22:50
Google Pixel,Really happy with the performance of my new Google Pixel.,2016-07-26 21:05:13
iPhone,I'm impressed with the build quality of the iPhone.,2016-08-24 04:48:54
Google Pixel,My Google Pixel runs all my apps smoothly.,2016-07-03 12:06:05
OnePlus,Battery life on the OnePlus could be better.,2016-09-17 18:52:31
Google Pixel,The display on the Google Pixel is so vibrant and clear.,2016-09-19 10:44:15
Xiaomi,The camera quality on the Xiaomi is amazing.,2016-07-05 12:35:22
OnePlus,Battery life on the OnePlus is excellent.,2016-07-12 03:25:07
Samsung Galaxy,Having some issues with my Samsung Galaxy. Anyone else?,2016-09-07 09:46:55
Samsung Galaxy,The Samsung Galaxy is really sleek and fast.,2016-07-05 03:04:22
Google Pixel,The camera on the Google Pixel is disappointing.,2016-09-22 18:39:56
Xiaomi,Really happy with the performance of my new Xiaomi.,2016-07-23 07:24:58
OnePlus,Having some issues with my OnePlus. Anyone else?,2016-08-12 01:32:18
Google Pixel,Really happy with the performance of my new Google Pixel.,2016-09-09 10:13:13
Google Pixel,Battery life on the Google Pixel is excellent.,2016-08-18 15:59:52
Xiaomi,Touchscreen on my Xiaomi is unresponsive at times.,2016-07-13 00:33:48
Xiaomi,Touchscreen on my Xiaomi is unresponsive at times.,2016-07-14 03:21:32
Google Pixel,My Google Pixel runs all my apps smoothly.,2016-08-26 23:55:49
Google Pixel,I'm impressed with the build quality of the Google Pixel.,2016-08-08 08:07:12
Google Pixel,Just got my new Google Pixel! Loving it so far.,2016-08-01 03:25:04
OnePlus,Having some issues with my OnePlus. Anyone else?,2016-08-02 13:48:12
Samsung Galaxy,Battery life on the Samsung Galaxy is excellent.,2016-08-27 04:32:46
Samsung Galaxy,I'm impressed with the build quality of the Samsung Galaxy.,2016-08-24 05:50:46
OnePlus,Experiencing connectivity issues with the OnePlus.,2016-08-08 11:39:38
OnePlus,I'm impressed with the build quality of the OnePlus.,2016-07-05 00:25:13
Google Pixel,The camera on the Google Pixel is disappointing.,2016-08-20 05:59:44
OnePlus,The OnePlus is a great value for the price.,2016-09-04 11:14:10
iPhone,Battery life on the iPhone is excellent.,2016-09-22 14:17:05
iPhone,Why is my iPhone overheating?,2016-08-10 22:56:24
iPhone,The iPhone has exceeded my expectations!,2016-09-17 20:51:11
Samsung Galaxy,Really happy with the performance of my new Samsung Galaxy.,2016-08-23 08:01:10
Samsung Galaxy,The display on the Samsung Galaxy is so vibrant and clear.,2016-07-17 13:56:44
iPhone,I regret buying the iPhone. Not worth the money.,2016-07-03 18:49:53
iPhone,The camera quality on the iPhone is amazing.,2016-08-16 07:30:48
Xiaomi,My Xiaomi runs all my apps smoothly.,2016-07-09 17:18:29
iPhone,Not too impressed with the iPhone. Expected more.,2016-09-22 10:31:21
OnePlus,The OnePlus keeps crashing. Frustrated!,2016-07-31 03:15:33
Xiaomi,Touchscreen on my Xiaomi is unresponsive at times.,2016-08-13 18:29:45
Xiaomi,The Xiaomi has exceeded my expectations!,2016-08-06 00:06:04
iPhone,The iPhone is really sleek and fast.,2016-09-03 23:08:46
iPhone,The iPhone has exceeded my expectations!,2016-07-02 11:04:28
OnePlus,Touchscreen on my OnePlus is unresponsive at times.,2016-07-08 05:44:28
iPhone,The camera quality on the iPhone is amazing.,2016-09-18 22:32:25
Samsung Galaxy,I regret buying the Samsung Galaxy. Not worth the money.,2016-09-17 17:27:22
Google Pixel,The Google Pixel keeps crashing. Frustrated!,2016-07-06 15:07:38
Google Pixel,Really happy with the performance of my new Google Pixel.,2016-09-03 01:56:36
Xiaomi,My Xiaomi is slower than expected.,2016-07-09 13:14:47
Samsung Galaxy,My Samsung Galaxy runs all my apps smoothly.,2016-07-15 12:00:42
OnePlus,The camera on the OnePlus is disappointing.,2016-09-08 02:08:11
OnePlus,Not too impressed with the OnePlus. Expected more.,2016-08-03 00:02:53
iPhone,The iPhone keeps crashing. Frustrated!,2016-08-05 13:01:08
Samsung Galaxy,Just got my new Samsung Galaxy! Loving it so far.,2016-08-15 02:26:08
Google Pixel,Battery life on the Google Pixel is excellent.,2016-08-04 22:00:30
OnePlus,The OnePlus is a great value for the price.,2016-08-06 23:56:36
Xiaomi,My Xiaomi runs all my apps smoothly.,2016-08-11 07:04:34
Xiaomi,My Xiaomi is slower than expected.,2016-08-08 08:03:50
iPhone,Just got my new iPhone! Loving it so far.,2016-08-26 00:20:40
OnePlus,Battery life on the OnePlus is excellent.,2016-07-01 23:43:17
iPhone,My iPhone runs all my apps smoothly.,2016-07-26 04:26:07
Xiaomi,I'm impressed with the build quality of the Xiaomi.,2016-09-17 16:56:34
Google Pixel,The camera on the Google Pixel is disappointing.,2016-09-19 03:28:57
Xiaomi,My Xiaomi is slower than expected.,2016-09-09 13:34:43
Xiaomi,Just got my new Xiaomi! Loving it so far.,2016-09-02 15:20:31
Samsung Galaxy,The camera quality on the Samsung Galaxy is amazing.,2016-08-25 08:22:10
iPhone,My iPhone is slower than expected.,2016-08-24 08:00:22
Google Pixel,Battery life on the Google Pixel could be better.,2016-08-21 01:40:44
Samsung Galaxy,I'm impressed with the build quality of the Samsung Galaxy.,2016-07-19 22:52:45
OnePlus,The OnePlus is a great value for the price.,2016-09-28 06:45:12
Xiaomi,The camera quality on the Xiaomi is amazing.,2016-07-02 23:29:33
Xiaomi,Having some issues with my Xiaomi. Anyone else?,2016-07-26 13:17:55
Xiaomi,The camera quality on the Xiaomi is amazing.,2016-08-09 16:16:09
Google Pixel,Really happy with the performance of my new Google Pixel.,2016-07-31 22:36:17
iPhone,Not too impressed with the iPhone. Expected more.,2016-09-16 16:54:30
Samsung Galaxy,Battery life on the Samsung Galaxy is excellent.,2016-08-01 03:03:49
Xiaomi,The Xiaomi is a great value for the price.,2016-09-01 14:01:24
Google Pixel,Battery life on the Google Pixel is excellent.,2016-08-23 21:05:28
iPhone,The iPhone is a great value for the price.,2016-08-18 17:20:46
Google Pixel,The Google Pixel is really sleek and fast.,2016-08-30 18:55:36
OnePlus,Just got my new OnePlus! Loving it so far.,2016-07-23 19:43:03
OnePlus,Having some issues with my OnePlus. Anyone else?,2016-08-11 07:34:57
Xiaomi,Why is my Xiaomi overheating?,2016-07-26 23:52:00
Samsung Galaxy,Battery life on the Samsung Galaxy could be better.,2016-09-27 10:53:07
iPhone,I regret buying the iPhone. Not worth the money.,2016-07-04 04:19:47
Google Pixel,Battery life on the Google Pixel could be better.,2016-07-13 23:28:12
Xiaomi,I regret buying the Xiaomi. Not worth the money.,2016-08-15 08:34:58
OnePlus,The OnePlus is a great value for the price.,2016-07-28 22:59:24
iPhone,Really happy with the performance of my new iPhone.,2016-08-14 20:16:36
OnePlus,I'm impressed with the build quality of the OnePlus.,2016-07-13 04:31:29
Google Pixel,The display on the Google Pixel is so vibrant and clear.,2016-07-26 07:52:54
Samsung Galaxy,Just got my new Samsung Galaxy! Loving it so far.,2016-08-10 04:13:35
OnePlus,My OnePlus runs all my apps smoothly.,2016-08-29 09:25:49
Google Pixel,The display on the Google Pixel is so vibrant and clear.,2016-07-20 08:18:53
Xiaomi,The Xiaomi keeps crashing. Frustrated!,2016-08-05 20:05:53
Xiaomi,I'm impressed with the build quality of the Xiaomi.,2016-08-06 04:50:49
Xiaomi,Just got my new Xiaomi! Loving it so far.,2016-08-17 17:47:13
OnePlus,Having some issues with my OnePlus. Anyone else?,2016-07-27 19:27:20
OnePlus,Not too impressed with the OnePlus. Expected more.,2016-08-26 20:19:23
Samsung Galaxy,Touchscreen on my Samsung Galaxy is unresponsive at times.,2016-08-14 10:47:06
Google Pixel,Just got my new Google Pixel! Loving it so far.,2016-08-14 12:06:54
iPhone,Having some issues with my iPhone. Anyone else?,2016-07-02 03:14:04
Google Pixel,Not too impressed with the Google Pixel. Expected more.,2016-07-12 16:43:57
Samsung Galaxy,The Samsung Galaxy has exceeded my expectations!,2016-07-01 15:20:31
Samsung Galaxy,Having some issues with my Samsung Galaxy. Anyone else?,2016-08-26 14:35:15
Xiaomi,Battery life on the Xiaomi is excellent.,2016-09-01 16:08:13
iPhone,My iPhone is slower than expected.,2016-07-13 08:51:39
OnePlus,The camera quality on the OnePlus is amazing.,2016-08-16 11:58:43
Google Pixel,Battery life on the Google Pixel is excellent.,2016-07-03 14:45:40
Xiaomi,The Xiaomi has exceeded my expectations!,2016-08-06 18:24:57
iPhone,Not too impressed with the iPhone. Expected more.,2016-07-03 22:08:15
Xiaomi,The Xiaomi is a great value for the price.,2016-09-23 06:10:42
OnePlus,The OnePlus keeps crashing. Frustrated!,2016-08-24 02:15:26
Xiaomi,Really happy with the performance of my new Xiaomi.,2016-07-05 06:16:02
Samsung Galaxy,Just got my new Samsung Galaxy! Loving it so far.,2016-07-16 05:31:46
Samsung Galaxy,Battery life on the Samsung Galaxy could be better.,2016-08-11 14:29:00
Google Pixel,Why is my Google Pixel overheating?,2016-07-02 18:42:35
Samsung Galaxy,The camera quality on the Samsung Galaxy is amazing.,2016-09-24 19:59:37
Xiaomi,The Xiaomi is really sleek and fast.,2016-09-20 15:00:08
iPhone,Touchscreen on my iPhone is unresponsive at times.,2016-08-22 23:26:50
OnePlus,Having some issues with my OnePlus. Anyone else?,2016-09-18 11:33:48
OnePlus,The camera quality on the OnePlus is amazing.,2016-08-22 14:56:27
Google Pixel,I'm impressed with the build quality of the Google Pixel.,2016-08-27 18:09:46
OnePlus,Really happy with the performance of my new OnePlus.,2016-09-07 23:09:58
iPhone,Why is my iPhone overheating?,2016-08-17 22:13:04
Samsung Galaxy,Battery life on the Samsung Galaxy could be better.,2016-09-04 00:21:58
OnePlus,Battery life on the OnePlus could be better.,2016-09-26 12:46:42
Google Pixel,Not too impressed with the Google Pixel. Expected more.,2016-09-21 14:34:13
iPhone,Why is my iPhone overheating?,2016-08-16 23:19:21
iPhone,Just got my new iPhone! Loving it so far.,2016-09-14 22:01:20
Xiaomi,Really happy with the performance of my new Xiaomi.,2016-07-06 11:56:11
Google Pixel,Really happy with the performance of my new Google Pixel.,2016-09-01 17:41:20
OnePlus,The OnePlus has exceeded my expectations!,2016-07-18 03:00:06
Xiaomi,Experiencing connectivity issues with the Xiaomi.,2016-09-03 18:44:50
Samsung Galaxy,The Samsung Galaxy is really sleek and fast.,2016-09-04 11:18:34
Google Pixel,Just got my new Google Pixel! Loving it so far.,2016-07-10 16:05:16
Google Pixel,The Google Pixel keeps crashing. Frustrated!,2016-07-09 20:38:42
OnePlus,My OnePlus runs all my apps smoothly.,2016-07-23 10:02:30
Samsung Galaxy,The camera quality on the Samsung Galaxy is amazing.,2016-09-01 11:26:40
Samsung Galaxy,Battery life on the Samsung Galaxy could be better.,2016-09-17 18:43:01
OnePlus,The OnePlus keeps crashing. Frustrated!,2016-08-29 20:31:26
OnePlus,The display on the OnePlus is so vibrant and clear.,2016-08-03 01:44:04
OnePlus,The OnePlus has exceeded my expectations!,2016-07-07 05:44:00
OnePlus,Not too impressed with the OnePlus. Expected more.,2016-09-28 06:59:33
Google Pixel,Battery life on the Google Pixel could be better.,2016-07-04 20:21:58
Samsung Galaxy,Really happy with the performance of my new Samsung Galaxy.,2016-07-24 02:32:36
Samsung Galaxy,The display on the Samsung Galaxy is so vibrant and clear.,2016-07-31 22:40:17
Xiaomi,The camera quality on the Xiaomi is amazing.,2016-07-19 14:20:31
Google Pixel,Really happy with the performance of my new Google Pixel.,2016-08-22 07:24:39
Google Pixel,My Google Pixel runs all my apps smoothly.,2016-09-29 15:50:27
OnePlus,The camera on the OnePlus is disappointing.,2016-08-11 21:19:41
OnePlus,My OnePlus is slower than expected.,2016-09-15 18:29:18
iPhone,I'm impressed with the build quality of the iPhone.,2016-08-05 08:18:20
iPhone,Battery life on the iPhone is excellent.,2016-07-25 01:27:20
Samsung Galaxy,The Samsung Galaxy keeps crashing. Frustrated!,2016-08-25 07:27:53
Samsung Galaxy,Having some issues with my Samsung Galaxy. Anyone else?,2016-07-23 06:01:03
Xiaomi,The Xiaomi keeps crashing. Frustrated!,2016-08-02 21:50:13
Google Pixel,Why is my Google Pixel overheating?,2016-07-04 20:27:32
Samsung Galaxy,The camera quality on the Samsung Galaxy is amazing.,2016-09-08 04:47:01
Google Pixel,The camera on the Google Pixel is disappointing.,2016-09-08 09:53:42
Samsung Galaxy,Why is my Samsung Galaxy overheating?,2016-09-21 02:12:40
Google Pixel,Battery life on the Google Pixel could be better.,2016-07-03 15:53:19
Xiaomi,I'm impressed with the build quality of the Xiaomi.,2016-08-22 07:07:56
Google Pixel,Having some issues with my Google Pixel. Anyone else?,2016-09-18 19:10:24
iPhone,Battery life on the iPhone could be better.,2016-07-31 12:01:16
Xiaomi,Having some issues with my Xiaomi. Anyone else?,2016-09-17 03:12:26
OnePlus,The display on the OnePlus is so vibrant and clear.,2016-08-24 06:19:24
Samsung Galaxy,The Samsung Galaxy keeps crashing. Frustrated!,2016-09-05 23:23:05
Samsung Galaxy,Having some issues with my Samsung Galaxy. Anyone else?,2016-09-09 11:58:00
Xiaomi,Battery life on the Xiaomi could be better.,2016-07-19 15:14:39
OnePlus,My OnePlus is slower than expected.,2016-08-25 05:07:06
Samsung Galaxy,Having some issues with my Samsung Galaxy. Anyone else?,2016-07-31 21:08:41
iPhone,Experiencing connectivity issues with the iPhone.,2016-07-29 04:00:16
Samsung Galaxy,Really happy with the performance of my new Samsung Galaxy.,2016-07-17 19:15:37
iPhone,My iPhone is slower than expected.,2016-07-08 19:19:09
Google Pixel,The camera quality on the Google Pixel is amazing.,2016-07-16 06:55:37
Xiaomi,I'm impressed with the build quality of the Xiaomi.,2016-07-17 19:35:15
OnePlus,Experiencing connectivity issues with the OnePlus.,2016-08-22 22:57:37
Samsung Galaxy,The camera quality on the Samsung Galaxy is amazing.,2016-08-10 03:26:17
Google Pixel,Really happy with the performance of my new Google Pixel.,2016-08-20 11:56:58
iPhone,Touchscreen on my iPhone is unresponsive at times.,2016-09-01 03:37:24
OnePlus,Battery life on the OnePlus is excellent.,2016-08-17 11:53:53
OnePlus,The OnePlus keeps crashing. Frustrated!,2016-07-25 11:55:33
iPhone,The iPhone is a great value for the price.,2016-08-26 14:48:26
OnePlus,The OnePlus is a great value for the price.,2016-09-25 02:43:58
Google Pixel,Not too impressed with the Google Pixel. Expected more.,2016-07-22 12:21:14
iPhone,Battery life on the iPhone is excellent.,2016-07-29 04:38:07
Xiaomi,Battery life on the Xiaomi is excellent.,2016-07-18 02:35:00
OnePlus,Battery life on the OnePlus could be better.,2016-09-28 17:55:04
Google Pixel,Really happy with the performance of my new Google Pixel.,2016-08-05 00:20:42
Samsung Galaxy,My Samsung Galaxy runs all my apps smoothly.,2016-09-29 14:00:36
OnePlus,Touchscreen on my OnePlus is unresponsive at times.,2016-09-10 20:08:05
Samsung Galaxy,My Samsung Galaxy is slower than expected.,2016-08-22 13:33:28
Xiaomi,My Xiaomi is slower than expected.,2016-09-18 18:11:34
OnePlus,Just got my new OnePlus! Loving it so far.,2016-08-17 03:46:25
OnePlus,Experiencing connectivity issues with the OnePlus.,2016-07-08 03:04:37
Samsung Galaxy,The Samsung Galaxy is a great value for the price.,2016-07-20 20:51:20
Samsung Galaxy,The Samsung Galaxy is really sleek and fast.,2016-09-01 05:48:54
Google Pixel,Really happy with the performance of my new Google Pixel.,2016-08-21 11:33:11
Xiaomi,My Xiaomi is slower than expected.,2016-07-29 02:38:30
OnePlus,The OnePlus is a great value for the price.,2016-08-06 16:31:49
Samsung Galaxy,The display on the Samsung Galaxy is so vibrant and clear.,2016-08-08 18:03:54
Samsung Galaxy,I'm impressed with the build quality of the Samsung Galaxy.,2016-09-17 18:26:10
Xiaomi,Having some issues with my Xiaomi. Anyone else?,2016-07-20 16:33:24
Samsung Galaxy,My Samsung Galaxy is slower than expected.,2016-07-26 06:01:38
Samsung Galaxy,The camera on the Samsung Galaxy is disappointing.,2016-09-09 09:50:03
Google Pixel,My Google Pixel runs all my apps smoothly.,2016-07-31 11:24:39
Xiaomi,Experiencing connectivity issues with the Xiaomi.,2016-07-20 19:41:50
Google Pixel,Just got my new Google Pixel! Loving it so far.,2016-07-21 01:26:55
Xiaomi,The display on the Xiaomi is so vibrant and clear.,2016-07-13 07:56:48
iPhone,Why is my iPhone overheating?,2016-07-05 03:25:16
Google Pixel,Not too impressed with the Google Pixel. Expected more.,2016-08-17 18:26:59
Xiaomi,Why is my Xiaomi overheating?,2016-09-17 00:15:14
Samsung Galaxy,I regret buying the Samsung Galaxy. Not worth the money.,2016-09-10 13:11:33
iPhone,Battery life on the iPhone could be better.,2016-08-06 21:26:20
iPhone,Battery life on the iPhone is excellent.,2016-07-28 12:46:16
Xiaomi,Battery life on the Xiaomi could be better.,2016-07-20 00:55:19
iPhone,Experiencing connectivity issues with the iPhone.,2016-07-22 12:01:15
OnePlus,Battery life on the OnePlus could be better.,2016-08-12 12:18:00
Samsung Galaxy,My Samsung Galaxy runs all my apps smoothly.,2016-09-27 07:50:21
Xiaomi,Battery life on the Xiaomi could be better.,2016-08-27 08:45:28
Xiaomi,Just got my new Xiaomi! Loving it so far.,2016-07-23 12:10:10
OnePlus,The OnePlus is a great value for the price.,2016-09-19 14:33:26
iPhone,Really happy with the performance of my new iPhone.,2016-08-15 17:46:54
OnePlus,My OnePlus is slower than expected.,2016-08-16 19:38:57
iPhone,The iPhone is really sleek and fast.,2016-09-26 11:00:05
Xiaomi,My Xiaomi runs all my apps smoothly.,2016-07-28 20:54:39
OnePlus,The OnePlus is really sleek and fast.,2016-09-29 05:47:47
OnePlus,The OnePlus has exceeded my expectations!,2016-07-26 14:33:25
Google Pixel,Really happy with the performance of my new Google Pixel.,2016-07-13 13:47:05
Xiaomi,The Xiaomi has exceeded my expectations!,2016-08-24 10:04:54
OnePlus,The OnePlus keeps crashing. Frustrated!,2016-07-10 21:46:31
iPhone,Battery life on the iPhone is excellent.,2016-08-07 12:13:50
Google Pixel,Battery life on the Google Pixel is excellent.,2016-09-16 11:48:56
Google Pixel,The Google Pixel has exceeded my expectations!,2016-07-05 16:36:34
Xiaomi,Just got my new Xiaomi! Loving it so far.,2016-08-07 14:59:24
OnePlus,The OnePlus is a great value for the price.,2016-07-12 07:38:40
Google Pixel,Just got my new Google Pixel! Loving it so far.,2016-09-04 00:00:44
iPhone,The camera quality on the iPhone is amazing.,2016-09-19 12:41:01
OnePlus,Battery life on the OnePlus could be better.,2016-08-31 11:02:25
Samsung Galaxy,The camera on the Samsung Galaxy is disappointing.,2016-09-16 06:55:29
Google Pixel,Having some issues with my Google Pixel. Anyone else?,2016-07-06 08:30:57
Samsung Galaxy,My Samsung Galaxy runs all my apps smoothly.,2016-08-15 08:17:04
OnePlus,The display on the OnePlus is so vibrant and clear.,2016-07-16 04:09:30
Google Pixel,Experiencing connectivity issues with the Google Pixel.,2016-09-27 02:26:14
Google Pixel,My Google Pixel is slower than expected.,2016-07-30 06:59:12
Samsung Galaxy,The display on the Samsung Galaxy is so vibrant and clear.,2016-09-29 14:31:00
Google Pixel,Just got my new Google Pixel! Loving it so far.,2016-08-30 02:22:56
iPhone,The iPhone is really sleek and fast.,2016-09-14 15:39:02
Google Pixel,I'm impressed with the build quality of the Google Pixel.,2016-09-20 17:00:16
iPhone,I'm impressed with the build quality of the iPhone.,2016-09-11 09:00:49
iPhone,The iPhone is a great value for the price.,2016-08-19 09:50:26
Xiaomi,Battery life on the Xiaomi is excellent.,2016-08-21 20:48:10
Samsung Galaxy,The camera on the Samsung Galaxy is disappointing.,2016-07-01 11:13:58
iPhone,The iPhone is really sleek and fast.,2016-08-31 15:04:28
iPhone,The display on the iPhone is so vibrant and clear.,2016-08-12 21:42:49
iPhone,Having some issues with my iPhone. Anyone else?,2016-09-20 11:16:35
Google Pixel,The Google Pixel is really sleek and fast.,2016-09-04 13:10:48
OnePlus,Really happy with the performance of my new OnePlus.,2016-08-23 05:16:31
OnePlus,The display on the OnePlus is so vibrant and clear.,2016-07-30 13:38:25
iPhone,The display on the iPhone is so vibrant and clear.,2016-09-15 03:23:36
iPhone,Battery life on the iPhone could be better.,2016-08-15 07:21:26
iPhone,My iPhone runs all my apps smoothly.,2016-09-12 13:16:27
Samsung Galaxy,Battery life on the Samsung Galaxy could be better.,2016-09-12 18:19:23
OnePlus,The display on the OnePlus is so vibrant and clear.,2016-09-01 16:45:25
Xiaomi,Battery life on the Xiaomi is excellent.,2016-08-05 16:19:06
OnePlus,The OnePlus is really sleek and fast.,2016-08-16 05:14:51
Google Pixel,I'm impressed with the build quality of the Google Pixel.,2016-07-12 03:27:35
OnePlus,Just got my new OnePlus! Loving it so far.,2016-09-11 02:57:12
OnePlus,The OnePlus is really sleek and fast.,2016-09-24 23:58:17
iPhone,The iPhone has exceeded my expectations!,2016-08-04 22:25:08
Xiaomi,The camera quality on the Xiaomi is amazing.,2016-07-11 15:47:15
OnePlus,The camera quality on the OnePlus is amazing.,2016-09-23 04:37:22
OnePlus,Just got my new OnePlus! Loving it so far.,2016-08-25 02:31:07
Xiaomi,Touchscreen on my Xiaomi is unresponsive at times.,2016-08-04 16:16:29
Xiaomi,Really happy with the performance of my new Xiaomi.,2016-09-04 21:18:04
Samsung Galaxy,Really happy with the performance of my new Samsung Galaxy.,2016-08-12 11:48:19
Xiaomi,The camera on the Xiaomi is disappointing.,2016-07-18 00:09:48
Samsung Galaxy,Experiencing connectivity issues with the Samsung Galaxy.,2016-07-20 00:10:48
Google Pixel,The camera on the Google Pixel is disappointing.,2016-09-09 09:30:00
Samsung Galaxy,My Samsung Galaxy is slower than expected.,2016-09-19 18:49:01
Xiaomi,I'm impressed with the build quality of the Xiaomi.,2016-08-25 10:49:35
Google Pixel,Experiencing connectivity issues with the Google Pixel.,2016-09-09 21:24:41
Xiaomi,The Xiaomi keeps crashing. Frustrated!,2016-07-25 10:38:06
iPhone,Why is my iPhone overheating?,2016-07-01 10:33:18
OnePlus,Having some issues with my OnePlus. Anyone else?,2016-07-28 13:06:01
OnePlus,I'm impressed with the build quality of the OnePlus.,2016-07-16 13:42:45
Samsung Galaxy,The Samsung Galaxy has exceeded my expectations!,2016-07-09 19:50:47
OnePlus,Battery life on the OnePlus is excellent.,2016-07-25 08:29:16
Google Pixel,The Google Pixel is a great value for the price.,2016-07-31 04:12:21
Xiaomi,Having some issues with my Xiaomi. Anyone else?,2016-08-01 03:06:31
Samsung Galaxy,Touchscreen on my Samsung Galaxy is unresponsive at times.,2016-07-07 17:18:43
Google Pixel,Just got my new Google Pixel! Loving it so far.,2016-09-08 06:02:03
OnePlus,Just got my new OnePlus! Loving it so far.,2016-07-29 09:07:37
iPhone,My iPhone runs all my apps smoothly.,2016-08-25 01:26:56
Xiaomi,I'm impressed with the build quality of the Xiaomi.,2016-08-26 23:52:23
iPhone,The iPhone keeps crashing. Frustrated!,2016-08-02 14:22:08
iPhone,Not too impressed with the iPhone. Expected more.,2016-07-14 20:45:56
Xiaomi,I regret buying the Xiaomi. Not worth the money.,2016-07-26 21:57:59
Samsung Galaxy,The display on the Samsung Galaxy is so vibrant and clear.,2016-09-20 08:24:56
OnePlus,The display on the OnePlus is so vibrant and clear.,2016-08-06 11:08:06
Samsung Galaxy,Not too impressed with the Samsung Galaxy. Expected more.,2016-08-15 00:59:03
Google Pixel,Having some issues with my Google Pixel. Anyone else?,2016-08-25 23:07:57
Samsung Galaxy,The Samsung Galaxy has exceeded my expectations!,2016-07-09 12:58:50
Samsung Galaxy,The Samsung Galaxy keeps crashing. Frustrated!,2016-09-10 15:12:17
OnePlus,I'm impressed with the build quality of the OnePlus.,2016-07-16 06:45:51
Samsung Galaxy,I regret buying the Samsung Galaxy. Not worth the money.,2016-07-31 23:22:33
Samsung Galaxy,Experiencing connectivity issues with the Samsung Galaxy.,2016-09-21 00:46:34
OnePlus,My OnePlus is slower than expected.,2016-08-22 11:27:05
Xiaomi,Experiencing connectivity issues with the Xiaomi.,2016-08-17 12:10:08
iPhone,The iPhone is really sleek and fast.,2016-09-06 21:23:23
Google Pixel,The camera on the Google Pixel is disappointing.,2016-07-21 08:01:59
OnePlus,Really happy with the performance of my new OnePlus.,2016-07-15 16:49:23
Samsung Galaxy,Battery life on the Samsung Galaxy is excellent.,2016-08-30 04:40:34
Xiaomi,I'm impressed with the build quality of the Xiaomi.,2016-08-05 02:00:08
Samsung Galaxy,The Samsung Galaxy keeps crashing. Frustrated!,2016-09-05 02:00:20
Google Pixel,Really happy with the performance of my new Google Pixel.,2016-07-28 07:06:50
iPhone,The camera on the iPhone is disappointing.,2016-08-19 17:57:39
OnePlus,I regret buying the OnePlus. Not worth the money.,2016-09-06 10:11:53
Samsung Galaxy,I regret buying the Samsung Galaxy. Not worth the money.,2016-09-24 13:25:42
iPhone,Having some issues with my iPhone. Anyone else?,2016-07-22 10:13:51
Google Pixel,I'm impressed with the build quality of the Google Pixel.,2016-07-22 12:11:36
Google Pixel,The Google Pixel keeps crashing. Frustrated!,2016-07-01 04:40:04
iPhone,Having some issues with my iPhone. Anyone else?,2016-09-25 00:15:07
iPhone,I'm impressed with the build quality of the iPhone.,2016-08-15 02:00:51
iPhone,Why is my iPhone overheating?,2016-09-08 07:56:34
Xiaomi,Battery life on the Xiaomi could be better.,2016-09-03 00:33:20
Xiaomi,Why is my Xiaomi overheating?,2016-07-18 00:20:25
OnePlus,The OnePlus is really sleek and fast.,2016-08-10 22:25:15
Google Pixel,My Google Pixel runs all my apps smoothly.,2016-07-06 01:11:42
Samsung Galaxy,I regret buying the Samsung Galaxy. Not worth the money.,2016-08-23 05:10:18
iPhone,Really happy with the performance of my new iPhone.,2016-07-29 10:10:26
Xiaomi,Having some issues with my Xiaomi. Anyone else?,2016-08-02 17:33:29
Google Pixel,The Google Pixel is a great value for the price.,2016-07-16 11:08:11
Google Pixel,Touchscreen on my Google Pixel is unresponsive at times.,2016-09-01 20:42:11
Xiaomi,Touchscreen on my Xiaomi is unresponsive at times.,2016-08-21 07:33:51
OnePlus,The OnePlus has exceeded my expectations!,2016-08-18 11:21:14
Xiaomi,Having some issues with my Xiaomi. Anyone else?,2016-09-28 19:20:30
Google Pixel,The Google Pixel keeps crashing. Frustrated!,2016-07-26 14:39:53
OnePlus,Battery life on the OnePlus could be better.,2016-08-11 23:28:37
iPhone,The camera on the iPhone is disappointing.,2016-07-31 12:45:24
OnePlus,My OnePlus runs all my apps smoothly.,2016-07-11 09:01:17
Google Pixel,The Google Pixel is a great value for the price.,2016-09-04 21:33:13
Google Pixel,I regret buying the Google Pixel. Not worth the money.,2016-07-19 00:15:08
OnePlus,The camera on the OnePlus is disappointing.,2016-09-05 06:55:30
iPhone,The iPhone keeps crashing. Frustrated!,2016-07-28 03:18:51
Xiaomi,Why is my Xiaomi overheating?,2016-07-04 13:20:36
Google Pixel,The display on the Google Pixel is so vibrant and clear.,2016-07-22 17:01:33
Xiaomi,Touchscreen on my Xiaomi is unresponsive at times.,2016-07-22 17:39:41
OnePlus,Really happy with the performance of my new OnePlus.,2016-09-17 15:29:55
OnePlus,Just got my new OnePlus! Loving it so far.,2016-07-30 01:50:47
OnePlus,I regret buying the OnePlus. Not worth the money.,2016-09-02 03:07:31
Google Pixel,The camera on the Google Pixel is disappointing.,2016-09-24 08:26:07
OnePlus,Having some issues with my OnePlus. Anyone else?,2016-08-14 18:12:29
OnePlus,The OnePlus is a great value for the price.,2016-07-05 19:07:10
iPhone,The camera on the iPhone is disappointing.,2016-08-18 12:47:04
Samsung Galaxy,Touchscreen on my Samsung Galaxy is unresponsive at times.,2016-07-06 08:51:34
Samsung Galaxy,The Samsung Galaxy has exceeded my expectations!,2016-09-19 06:33:39
iPhone,Touchscreen on my iPhone is unresponsive at times.,2016-07-21 19:45:52
Xiaomi,The camera quality on the Xiaomi is amazing.,2016-08-31 17:01:08
Google Pixel,The Google Pixel keeps crashing. Frustrated!,2016-08-03 16:00:41
iPhone,The iPhone is really sleek and fast.,2016-09-28 17:53:16
Xiaomi,The camera on the Xiaomi is disappointing.,2016-09-10 21:23:00
OnePlus,Battery life on the OnePlus is excellent.,2016-09-28 03:18:36
Samsung Galaxy,The Samsung Galaxy is a great value for the price.,2016-09-16 03:21:30
Xiaomi,Battery life on the Xiaomi is excellent.,2016-08-27 10:16:15
iPhone,The iPhone keeps crashing. Frustrated!,2016-09-06 03:39:56
iPhone,I regret buying the iPhone. Not worth the money.,2016-09-08 14:24:02
Xiaomi,The Xiaomi is a great value for the price.,2016-09-08 13:29:58
iPhone,Really happy with the performance of my new iPhone.,2016-07-15 00:14:24
Xiaomi,Just got my new Xiaomi! Loving it so far.,2016-07-14 02:06:22
iPhone,My iPhone runs all my apps smoothly.,2016-09-19 05:20:57
Google Pixel,I'm impressed with the build quality of the Google Pixel.,2016-08-16 20:55:40
Google Pixel,The Google Pixel is a great value for the price.,2016-08-11 17:23:08
iPhone,The camera on the iPhone is disappointing.,2016-08-09 21:44:54
Samsung Galaxy,Not too impressed with the Samsung Galaxy. Expected more.,2016-08-24 04:45:04
OnePlus,The camera quality on the OnePlus is amazing.,2016-07-23 17:13:32
Xiaomi,I regret buying the Xiaomi. Not worth the money.,2016-07-22 01:25:38
Samsung Galaxy,Really happy with the performance of my new Samsung Galaxy.,2016-07-18 20:25:00
iPhone,My iPhone is slower than expected.,2016-08-22 12:25:40
Google Pixel,Battery life on the Google Pixel is excellent.,2016-09-11 04:04:07
Google Pixel,Touchscreen on my Google Pixel is unresponsive at times.,2016-07-01 15:53:58
Google Pixel,The display on the Google Pixel is so vibrant and clear.,2016-07-31 20:22:53
Google Pixel,I regret buying the Google Pixel. Not worth the money.,2016-08-27 23:12:32
Samsung Galaxy,The Samsung Galaxy has exceeded my expectations!,2016-09-29 13:00:18
OnePlus,Really happy with the performance of my new OnePlus.,2016-07-24 04:01:08
OnePlus,The camera quality on the OnePlus is amazing.,2016-07-16 19:03:37
OnePlus,The OnePlus has exceeded my expectations!,2016-07-18 08:52:26
Google Pixel,Having some issues with my Google Pixel. Anyone else?,2016-08-16 17:33:53
iPhone,I'm impressed with the build quality of the iPhone.,2016-07-22 03:56:48
OnePlus,The display on the OnePlus is so vibrant and clear.,2016-07-06 18:06:27
Xiaomi,Battery life on the Xiaomi is excellent.,2016-07-18 12:38:03
Samsung Galaxy,Not too impressed with the Samsung Galaxy. Expected more.,2016-08-06 00:03:08
Xiaomi,I regret buying the Xiaomi. Not worth the money.,2016-09-20 22:11:13
Xiaomi,The Xiaomi is really sleek and fast.,2016-07-12 08:29:43
Samsung Galaxy,Experiencing connectivity issues with the Samsung Galaxy.,2016-08-18 22:58:17
OnePlus,The OnePlus is a great value for the price.,2016-09-03 05:04:51
Google Pixel,The Google Pixel is really sleek and fast.,2016-08-02 13:06:20
Google Pixel,Experiencing connectivity issues with the Google Pixel.,2016-09-05 04:19:28
Xiaomi,Just got my new Xiaomi! Loving it so far.,2016-07-29 21:36:05
Google Pixel,Why is my Google Pixel overheating?,2016-09-14 12:59:39
Xiaomi,The camera on the Xiaomi is disappointing.,2016-08-10 19:50:04
iPhone,The iPhone is really sleek and fast.,2016-09-09 14:53:29
Samsung Galaxy,Just got my new Samsung Galaxy! Loving it so far.,2016-08-17 05:52:17
Xiaomi,Battery life on the Xiaomi is excellent.,2016-09-18 10:25:45
Google Pixel,Just got my new Google Pixel! Loving it so far.,2016-07-08 18:42:08
iPhone,My iPhone runs all my apps smoothly.,2016-09-04 09:19:40
Samsung Galaxy,The Samsung Galaxy is a great value for the price.,2016-08-30 00:30:32
OnePlus,The OnePlus has exceeded my expectations!,2016-07-23 11:10:45
Xiaomi,My Xiaomi runs all my apps smoothly.,2016-07-03 22:35:32
iPhone,The iPhone is a great value for the price.,2016-08-14 07:55:41
iPhone,The camera on the iPhone is disappointing.,2016-08-22 13:20:49
Google Pixel,I regret buying the Google Pixel. Not worth the money.,2016-08-22 12:41:52
Samsung Galaxy,The camera on the Samsung Galaxy is disappointing.,2016-09-13 18:15:53
OnePlus,The camera quality on the OnePlus is amazing.,2016-09-14 00:16:34
OnePlus,Why is my OnePlus overheating?,2016-08-14 13:34:42
Xiaomi,The Xiaomi is really sleek and fast.,2016-07-11 10:05:05
iPhone,I'm impressed with the build quality of the iPhone.,2016-07-01 01:41:10
Google Pixel,Touchscreen on my Google Pixel is unresponsive at times.,2016-09-13 13:04:54
Xiaomi,Why is my Xiaomi overheating?,2016-08-20 23:39:52
OnePlus,I'm impressed with the build quality of the OnePlus.,2016-07-21 11:30:09
Google Pixel,Battery life on the Google Pixel could be better.,2016-07-02 19:09:27
OnePlus,Why is my OnePlus overheating?,2016-08-13 20:13:50
iPhone,My iPhone runs all my apps smoothly.,2016-09-02 07:06:15
Google Pixel,Really happy with the performance of my new Google Pixel.,2016-08-02 13:36:04
OnePlus,The OnePlus has exceeded my expectations!,2016-09-14 01:48:31
Samsung Galaxy,The camera on the Samsung Galaxy is disappointing.,2016-07-11 22:58:25
Samsung Galaxy,My Samsung Galaxy runs all my apps smoothly.,2016-09-15 06:01:47
Google Pixel,I regret buying the Google Pixel. Not worth the money.,2016-07-01 17:32:23
OnePlus,Battery life on the OnePlus is excellent.,2016-07-29 13:32:49
Samsung Galaxy,My Samsung Galaxy is slower than expected.,2016-09-28 02:25:00
iPhone,The iPhone is a great value for the price.,2016-07-31 03:56:56
Samsung Galaxy,My Samsung Galaxy runs all my apps smoothly.,2016-09-18 21:08:01
OnePlus,Having some issues with my OnePlus. Anyone else?,2016-08-14 20:02:45
iPhone,My iPhone is slower than expected.,2016-08-18 04:41:52
Google Pixel,The Google Pixel keeps crashing. Frustrated!,2016-07-26 09:22:27
Google Pixel,The Google Pixel is really sleek and fast.,2016-09-06 21:32:37
Samsung Galaxy,I regret buying the Samsung Galaxy. Not worth the money.,2016-09-01 19:07:16
Google Pixel,Battery life on the Google Pixel could be better.,2016-07-14 10:03:44
Samsung Galaxy,The Samsung Galaxy keeps crashing. Frustrated!,2016-08-30 01:32:53
OnePlus,The OnePlus has exceeded my expectations!,2016-08-09 13:48:24
Samsung Galaxy,The Samsung Galaxy has exceeded my expectations!,2016-07-26 15:11:46
Google Pixel,Just got my new Google Pixel! Loving it so far.,2016-08-21 22:54:33
Google Pixel,Just got my new Google Pixel! Loving it so far.,2016-07-21 01:03:47
OnePlus,Experiencing connectivity issues with the OnePlus.,2016-07-07 00:33:42
Samsung Galaxy,Why is my Samsung Galaxy overheating?,2016-09-08 14:51:14
iPhone,Just got my new iPhone! Loving it so far.,2016-07-26 02:51:10
Google Pixel,I'm impressed with the build quality of the Google Pixel.,2016-08-17 17:00:20
iPhone,I regret buying the iPhone. Not worth the money.,2016-09-20 06:49:11
Google Pixel,Just got my new Google Pixel! Loving it so far.,2016-07-07 13:30:41
Xiaomi,Battery life on the Xiaomi is excellent.,2016-07-05 17:14:22
iPhone,I regret buying the iPhone. Not worth the money.,2016-07-27 00:03:23
Google Pixel,Touchscreen on my Google Pixel is unresponsive at times.,2016-07-08 01:56:36
Samsung Galaxy,The Samsung Galaxy has exceeded my expectations!,2016-07-01 19:41:33
Samsung Galaxy,My Samsung Galaxy is slower than expected.,2016-08-10 01:57:11
Google Pixel,Why is my Google Pixel overheating?,2016-07-24 11:30:31
Samsung Galaxy,Having some issues with my Samsung Galaxy. Anyone else?,2016-08-25 14:32:54
iPhone,Not too impressed with the iPhone. Expected more.,2016-08-14 16:16:37
Xiaomi,My Xiaomi runs all my apps smoothly.,2016-09-03 13:49:13
OnePlus,My OnePlus is slower than expected.,2016-07-12 09:35:25
Xiaomi,I'm impressed with the build quality of the Xiaomi.,2016-08-08 03:26:48
iPhone,The iPhone has exceeded my expectations!,2016-09-09 18:28:28
Google Pixel,Battery life on the Google Pixel is excellent.,2016-08-22 12:38:05
Samsung Galaxy,The Samsung Galaxy keeps crashing. Frustrated!,2016-08-16 18:03:45
Samsung Galaxy,The display on the Samsung Galaxy is so vibrant and clear.,2016-09-23 08:10:32
Samsung Galaxy,Touchscreen on my Samsung Galaxy is unresponsive at times.,2016-07-26 03:58:13
OnePlus,The OnePlus is really sleek and fast.,2016-08-18 01:09:28
Samsung Galaxy,The camera on the Samsung Galaxy is disappointing.,2016-07-01 15:47:58
OnePlus,Battery life on the OnePlus could be better.,2016-09-14 18:28:35
Google Pixel,Experiencing connectivity issues with the Google Pixel.,2016-09-17 15:09:36
OnePlus,The camera on the OnePlus is disappointing.,2016-08-18 21:58:40
Samsung Galaxy,The display on the Samsung Galaxy is so vibrant and clear.,2016-09-04 23:25:44
OnePlus,Just got my new OnePlus! Loving it so far.,2016-09-02 22:49:44
Xiaomi,I'm impressed with the build quality of the Xiaomi.,2016-08-01 21:08:07
Google Pixel,Just got my new Google Pixel! Loving it so far.,2016-08-27 22:45:03
