product,content,date_time,sentiment
Samsung Galaxy,Battery life on the Samsung Galaxy could be better.,2016-08-16 22:48:51,negative
Xiaomi,I regret buying the Xiaomi. Not worth the money.,2016-09-18 15:19:17,neutral
Xiaomi,Just got my new Xiaomi! Loving it so far.,2016-07-17 23:56:41,positive
Google Pixel,The Google Pixel keeps crashing. Frustrated!,2016-08-22 02:16:24,negative
OnePlus,The OnePlus has exceeded my expectations!,2016-08-26 00:05:14,positive
iPhone,The display on the iPhone is so vibrant and clear.,2016-09-29 11:20:52,positive
Google Pixel,Why is my Google Pixel overheating?,2016-07-27 03:58:10,negative
Samsung Galaxy,Really happy with the performance of my new Samsung Galaxy.,2016-09-22 05:14:10,negative
iPhone,The iPhone is really sleek and fast.,2016-07-18 11:33:12,positive
OnePlus,Why is my OnePlus overheating?,2016-08-02 22:19:52,negative
iPhone,My iPhone is slower than expected.,2016-08-08 09:32:53,positive
Xiaomi,Not too impressed with the Xiaomi. Expected more.,2016-08-26 22:38:04,negative
OnePlus,My OnePlus is slower than expected.,2016-08-05 18:08:05,negative
OnePlus,Just got my new OnePlus! Loving it so far.,2016-08-08 06:41:13,positive
Xiaomi,The Xiaomi keeps crashing. Frustrated!,2016-07-26 17:28:45,negative
Google Pixel,The camera on the Google Pixel is disappointing.,2016-08-12 20:23:27,positive
OnePlus,I'm impressed with the build quality of the OnePlus.,2016-08-28 23:26:01,neutral
Samsung Galaxy,Touchscreen on my Samsung Galaxy is unresponsive at times.,2016-07-15 04:35:07,positive
Google Pixel,Just got my new Google Pixel! Loving it so far.,2016-09-17 16:49:58,negative
Google Pixel,Why is my Google Pixel overheating?,2016-07-03 22:30:19,positive
OnePlus,Experiencing connectivity issues with the OnePlus.,2016-09-11 08:05:40,neutral
Google Pixel,I'm impressed with the build quality of the Google Pixel.,2016-09-01 00:38:26,neutral
Google Pixel,Really happy with the performance of my new Google Pixel.,2016-08-27 07:26:36,negative
iPhone,My iPhone is slower than expected.,2016-07-04 18:42:24,positive
iPhone,Touchscreen on my iPhone is unresponsive at times.,2016-08-29 06:08:22,neutral
Samsung Galaxy,I'm impressed with the build quality of the Samsung Galaxy.,2016-08-28 19:57:41,negative
OnePlus,Having some issues with my OnePlus. Anyone else?,2016-09-15 00:50:48,neutral
Google Pixel,I regret buying the Google Pixel. Not worth the money.,2016-09-23 13:22:48,neutral
Google Pixel,The Google Pixel keeps crashing. Frustrated!,2016-09-17 15:32:18,positive
iPhone,Having some issues with my iPhone. Anyone else?,2016-07-04 06:58:25,neutral
iPhone,I regret buying the iPhone. Not worth the money.,2016-09-14 13:49:03,positive
Google Pixel,The Google Pixel is a great value for the price.,2016-09-07 10:47:59,positive
iPhone,I'm impressed with the build quality of the iPhone.,2016-07-25 17:14:16,neutral
Google Pixel,The Google Pixel is really sleek and fast.,2016-08-09 01:27:54,neutral
Xiaomi,Really happy with the performance of my new Xiaomi.,2016-08-13 01:04:34,positive
OnePlus,The OnePlus keeps crashing. Frustrated!,2016-08-09 02:22:16,negative
Xiaomi,My Xiaomi is slower than expected.,2016-08-20 22:18:08,negative
Google Pixel,The Google Pixel has exceeded my expectations!,2016-08-20 20:37:27,positive
Samsung Galaxy,The camera quality on the Samsung Galaxy is amazing.,2016-09-11 17:13:20,neutral
iPhone,The iPhone is really sleek and fast.,2016-07-19 08:07:49,positive
OnePlus,Experiencing connectivity issues with the OnePlus.,2016-09-05 15:26:42,neutral
Xiaomi,Really happy with the performance of my new Xiaomi.,2016-08-27 07:12:34,neutral
Google Pixel,Battery life on the Google Pixel could be better.,2016-09-29 21:12:23,neutral
Xiaomi,My Xiaomi is slower than expected.,2016-07-10 08:15:09,negative
Xiaomi,The Xiaomi has exceeded my expectations!,2016-07-20 06:52:39,negative
Samsung Galaxy,Experiencing connectivity issues with the Samsung Galaxy.,2016-07-20 17:55:26,negative
Google Pixel,The camera quality on the Google Pixel is amazing.,2016-07-29 08:59:14,neutral
OnePlus,The display on the OnePlus is so vibrant and clear.,2016-09-14 11:23:44,neutral
OnePlus,The OnePlus is really sleek and fast.,2016-08-24 04:13:55,positive
iPhone,I regret buying the iPhone. Not worth the money.,2016-08-28 05:33:52,positive
OnePlus,The OnePlus keeps crashing. Frustrated!,2016-07-20 19:26:53,neutral
Samsung Galaxy,Just got my new Samsung Galaxy! Loving it so far.,2016-08-06 19:47:26,positive
Google Pixel,Just got my new Google Pixel! Loving it so far.,2016-07-07 17:20:06,negative
Samsung Galaxy,The display on the Samsung Galaxy is so vibrant and clear.,2016-07-14 06:22:12,neutral
Google Pixel,Touchscreen on my Google Pixel is unresponsive at times.,2016-07-21 04:29:17,positive
OnePlus,The OnePlus keeps crashing. Frustrated!,2016-08-06 13:04:00,negative
iPhone,The iPhone is a great value for the price.,2016-07-30 14:20:53,negative
iPhone,Why is my iPhone overheating?,2016-08-19 01:22:13,negative
Google Pixel,Not too impressed with the Google Pixel. Expected more.,2016-08-24 04:49:49,negative
Samsung Galaxy,Just got my new Samsung Galaxy! Loving it so far.,2016-07-02 15:33:11,positive
Samsung Galaxy,The camera on the Samsung Galaxy is disappointing.,2016-08-06 19:52:53,positive
OnePlus,Battery life on the OnePlus could be better.,2016-07-07 09:32:37,negative
Google Pixel,I regret buying the Google Pixel. Not worth the money.,2016-07-08 23:07:26,negative
OnePlus,Really happy with the performance of my new OnePlus.,2016-08-31 18:42:53,negative
OnePlus,Touchscreen on my OnePlus is unresponsive at times.,2016-08-16 14:31:22,negative
iPhone,The iPhone has exceeded my expectations!,2016-08-06 18:37:22,negative
Xiaomi,The camera on the Xiaomi is disappointing.,2016-09-17 13:00:45,negative
Xiaomi,The display on the Xiaomi is so vibrant and clear.,2016-09-20 12:22:30,neutral
OnePlus,The OnePlus is really sleek and fast.,2016-09-07 11:34:46,positive
iPhone,The iPhone is really sleek and fast.,2016-09-25 21:54:08,positive
Xiaomi,I regret buying the Xiaomi. Not worth the money.,2016-07-01 07:13:03,negative
Google Pixel,The display on the Google Pixel is so vibrant and clear.,2016-08-17 03:09:39,neutral
iPhone,The iPhone keeps crashing. Frustrated!,2016-07-31 03:17:57,positive
Samsung Galaxy,I'm impressed with the build quality of the Samsung Galaxy.,2016-08-29 05:12:21,neutral
Samsung Galaxy,The Samsung Galaxy keeps crashing. Frustrated!,2016-08-14 19:16:39,positive
Xiaomi,Touchscreen on my Xiaomi is unresponsive at times.,2016-09-17 02:20:41,neutral
iPhone,Not too impressed with the iPhone. Expected more.,2016-09-27 03:23:20,neutral
Xiaomi,Not too impressed with the Xiaomi. Expected more.,2016-07-28 09:29:48,positive
Xiaomi,The Xiaomi keeps crashing. Frustrated!,2016-07-05 01:36:59,negative
Google Pixel,Experiencing connectivity issues with the Google Pixel.,2016-08-06 09:30:03,neutral
Google Pixel,I regret buying the Google Pixel. Not worth the money.,2016-07-20 16:53:14,neutral
OnePlus,My OnePlus runs all my apps smoothly.,2016-08-29 07:12:00,positive
Samsung Galaxy,Having some issues with my Samsung Galaxy. Anyone else?,2016-07-05 02:25:50,positive
Google Pixel,Just got my new Google Pixel! Loving it so far.,2016-07-31 14:27:52,negative
iPhone,Battery life on the iPhone is excellent.,2016-08-27 20:27:59,positive
Xiaomi,The Xiaomi has exceeded my expectations!,2016-09-06 22:32:40,positive
Google Pixel,Experiencing connectivity issues with the Google Pixel.,2016-08-12 22:28:49,positive
Google Pixel,My Google Pixel runs all my apps smoothly.,2016-09-19 09:22:50,negative
Google Pixel,My Google Pixel runs all my apps smoothly.,2016-07-24 16:19:51,negative
Samsung Galaxy,My Samsung Galaxy runs all my apps smoothly.,2016-07-18 11:24:42,neutral
Xiaomi,The display on the Xiaomi is so vibrant and clear.,2016-09-20 19:09:53,negative
Samsung Galaxy,Touchscreen on my Samsung Galaxy is unresponsive at times.,2016-07-18 21:36:19,neutral
Google Pixel,Why is my Google Pixel overheating?,2016-08-17 17:05:37,neutral
Xiaomi,Battery life on the Xiaomi is excellent.,2016-09-26 10:38:19,neutral
OnePlus,Battery life on the OnePlus could be better.,2016-08-20 23:16:33,neutral
Samsung Galaxy,Touchscreen on my Samsung Galaxy is unresponsive at times.,2016-09-26 15:55:59,neutral
OnePlus,My OnePlus runs all my apps smoothly.,2016-07-20 04:53:16,neutral
Google Pixel,The Google Pixel is really sleek and fast.,2016-07-22 01:09:22,negative
Google Pixel,I regret buying the Google Pixel. Not worth the money.,2016-08-23 08:41:47,positive
iPhone,My iPhone is slower than expected.,2016-09-09 19:01:18,neutral
Google Pixel,My Google Pixel is slower than expected.,2016-07-09 04:40:02,neutral
Samsung Galaxy,The camera quality on the Samsung Galaxy is amazing.,2016-08-07 04:37:53,neutral
Samsung Galaxy,The Samsung Galaxy is really sleek and fast.,2016-09-05 21:58:53,positive
OnePlus,Battery life on the OnePlus could be better.,2016-09-28 12:51:34,positive
Xiaomi,I regret buying the Xiaomi. Not worth the money.,2016-07-27 19:11:34,negative
Xiaomi,The camera quality on the Xiaomi is amazing.,2016-07-15 22:19:37,negative
Xiaomi,Just got my new Xiaomi! Loving it so far.,2016-08-20 11:21:32,negative
Xiaomi,The Xiaomi keeps crashing. Frustrated!,2016-08-11 08:58:10,positive
OnePlus,The OnePlus has exceeded my expectations!,2016-09-26 08:27:06,positive
Xiaomi,Really happy with the performance of my new Xiaomi.,2016-09-02 18:15:43,positive
Samsung Galaxy,The Samsung Galaxy is really sleek and fast.,2016-07-01 08:46:17,neutral
Google Pixel,My Google Pixel is slower than expected.,2016-08-21 09:14:09,negative
Xiaomi,The Xiaomi has exceeded my expectations!,2016-07-19 01:50:51,positive
Google Pixel,Why is my Google Pixel overheating?,2016-07-13 13:38:12,positive
iPhone,Battery life on the iPhone is excellent.,2016-07-18 02:56:50,positive
OnePlus,Why is my OnePlus overheating?,2016-08-06 07:09:34,positive
Samsung Galaxy,The Samsung Galaxy keeps crashing. Frustrated!,2016-08-30 15:19:19,negative
Samsung Galaxy,Having some issues with my Samsung Galaxy. Anyone else?,2016-07-31 19:04:42,positive
Google Pixel,The Google Pixel is a great value for the price.,2016-07-24 14:55:56,negative
Samsung Galaxy,The Samsung Galaxy is really sleek and fast.,2016-09-20 06:44:35,neutral
Samsung Galaxy,The Samsung Galaxy is really sleek and fast.,2016-09-29 22:14:46,neutral
iPhone,Battery life on the iPhone is excellent.,2016-07-01 06:07:46,positive
iPhone,The camera quality on the iPhone is amazing.,2016-08-13 21:48:18,positive
Samsung Galaxy,Battery life on the Samsung Galaxy is excellent.,2016-08-07 13:42:51,positive
Google Pixel,Battery life on the Google Pixel could be better.,2016-09-03 19:09:29,neutral
iPhone,The camera quality on the iPhone is amazing.,2016-08-29 01:36:50,neutral
Xiaomi,I'm impressed with the build quality of the Xiaomi.,2016-08-12 18:02:46,neutral
Xiaomi,Battery life on the Xiaomi is excellent.,2016-07-28 21:41:11,positive
iPhone,The iPhone is really sleek and fast.,2016-09-17 22:43:03,neutral
iPhone,Really happy with the performance of my new iPhone.,2016-07-31 10:45:26,neutral
iPhone,My iPhone is slower than expected.,2016-08-28 23:39:15,neutral
Google Pixel,I regret buying the Google Pixel. Not worth the money.,2016-08-16 14:47:22,neutral
Samsung Galaxy,The camera quality on the Samsung Galaxy is amazing.,2016-09-05 03:05:40,positive
Google Pixel,The Google Pixel is really sleek and fast.,2016-09-11 21:41:46,neutral
Google Pixel,Just got my new Google Pixel! Loving it so far.,2016-07-07 02:37:41,negative
Samsung Galaxy,The Samsung Galaxy has exceeded my expectations!,2016-09-28 06:12:53,positive
Xiaomi,I regret buying the Xiaomi. Not worth the money.,2016-07-15 10:59:56,neutral
Samsung Galaxy,I regret buying the Samsung Galaxy. Not worth the money.,2016-09-24 20:05:45,neutral
Google Pixel,The Google Pixel has exceeded my expectations!,2016-09-09 02:26:28,negative
Google Pixel,The Google Pixel is really sleek and fast.,2016-08-15 21:15:44,negative
Google Pixel,Battery life on the Google Pixel is excellent.,2016-07-06 22:17:19,neutral
iPhone,Experiencing connectivity issues with the iPhone.,2016-09-11 17:48:08,negative
Google Pixel,Not too impressed with the Google Pixel. Expected more.,2016-09-04 17:23:19,neutral
Xiaomi,My Xiaomi is slower than expected.,2016-07-31 01:08:04,positive
Xiaomi,The Xiaomi is really sleek and fast.,2016-07-14 17:51:33,negative
iPhone,Having some issues with my iPhone. Anyone else?,2016-09-19 11:23:23,positive
iPhone,The iPhone is really sleek and fast.,2016-07-26 01:59:11,negative
Xiaomi,I'm impressed with the build quality of the Xiaomi.,2016-09-06 01:41:08,positive
Google Pixel,Experiencing connectivity issues with the Google Pixel.,2016-07-05 20:22:23,neutral
Google Pixel,Experiencing connectivity issues with the Google Pixel.,2016-07-30 01:43:53,positive
Google Pixel,The Google Pixel is a great value for the price.,2016-08-09 08:13:52,neutral
Samsung Galaxy,The Samsung Galaxy is a great value for the price.,2016-09-12 03:16:09,neutral
iPhone,The display on the iPhone is so vibrant and clear.,2016-07-18 13:57:02,neutral
Samsung Galaxy,My Samsung Galaxy is slower than expected.,2016-07-02 13:05:09,negative
Xiaomi,I'm impressed with the build quality of the Xiaomi.,2016-07-07 13:51:29,negative
OnePlus,Touchscreen on my OnePlus is unresponsive at times.,2016-09-13 10:06:05,negative
OnePlus,The camera on the OnePlus is disappointing.,2016-08-05 22:30:22,positive
Xiaomi,The Xiaomi is a great value for the price.,2016-08-18 01:26:02,neutral
Xiaomi,Just got my new Xiaomi! Loving it so far.,2016-07-08 19:13:15,positive
iPhone,Experiencing connectivity issues with the iPhone.,2016-07-04 18:55:33,positive
Xiaomi,The Xiaomi has exceeded my expectations!,2016-08-10 19:46:05,negative
iPhone,My iPhone is slower than expected.,2016-09-23 00:14:16,positive
Xiaomi,I regret buying the Xiaomi. Not worth the money.,2016-09-27 08:09:41,negative
Google Pixel,Battery life on the Google Pixel is excellent.,2016-07-12 02:48:27,negative
Xiaomi,The camera on the Xiaomi is disappointing.,2016-09-15 18:56:23,positive
Samsung Galaxy,Really happy with the performance of my new Samsung Galaxy.,2016-07-24 07:01:16,neutral
Xiaomi,Not too impressed with the Xiaomi. Expected more.,2016-07-01 20:49:41,positive
Samsung Galaxy,Not too impressed with the Samsung Galaxy. Expected more.,2016-07-12 18:04:09,positive
OnePlus,The OnePlus is really sleek and fast.,2016-07-21 12:06:32,positive
OnePlus,The camera quality on the OnePlus is amazing.,2016-08-10 03:52:54,negative
Samsung Galaxy,The Samsung Galaxy is really sleek and fast.,2016-08-15 14:17:35,positive
Google Pixel,Really happy with the performance of my new Google Pixel.,2016-07-07 22:29:56,negative
Google Pixel,The display on the Google Pixel is so vibrant and clear.,2016-07-23 18:11:04,neutral
OnePlus,Touchscreen on my OnePlus is unresponsive at times.,2016-08-15 04:15:54,negative
iPhone,I'm impressed with the build quality of the iPhone.,2016-09-02 22:17:45,negative
Google Pixel,The Google Pixel keeps crashing. Frustrated!,2016-07-18 12:09:29,positive
Xiaomi,Not too impressed with the Xiaomi. Expected more.,2016-07-08 23:06:06,negative
Xiaomi,The display on the Xiaomi is so vibrant and clear.,2016-09-23 15:26:44,positive
iPhone,Battery life on the iPhone is excellent.,2016-07-11 23:24:43,negative
Xiaomi,Why is my Xiaomi overheating?,2016-09-28 18:57:52,positive
iPhone,The iPhone has exceeded my expectations!,2016-08-28 07:43:05,positive
Xiaomi,Touchscreen on my Xiaomi is unresponsive at times.,2016-09-21 19:02:30,neutral
iPhone,Having some issues with my iPhone. Anyone else?,2016-09-18 10:57:34,negative
iPhone,My iPhone runs all my apps smoothly.,2016-09-27 18:46:19,positive
iPhone,I regret buying the iPhone. Not worth the money.,2016-09-02 13:29:38,positive
iPhone,Not too impressed with the iPhone. Expected more.,2016-08-14 08:04:26,positive
OnePlus,The OnePlus is a great value for the price.,2016-09-17 12:34:47,negative
Google Pixel,The Google Pixel is a great value for the price.,2016-09-20 00:12:31,negative
iPhone,Experiencing connectivity issues with the iPhone.,2016-07-17 01:06:41,negative
OnePlus,Having some issues with my OnePlus. Anyone else?,2016-09-12 04:41:59,negative
Samsung Galaxy,Why is my Samsung Galaxy overheating?,2016-07-22 02:05:33,positive
Samsung Galaxy,The camera on the Samsung Galaxy is disappointing.,2016-08-15 01:35:30,negative
iPhone,The iPhone has exceeded my expectations!,2016-08-20 04:27:46,positive
Xiaomi,The camera quality on the Xiaomi is amazing.,2016-07-24 13:29:24,negative
OnePlus,The display on the OnePlus is so vibrant and clear.,2016-08-14 00:13:56,positive
Samsung Galaxy,My Samsung Galaxy runs all my apps smoothly.,2016-09-15 19:12:21,negative
iPhone,The camera quality on the iPhone is amazing.,2016-09-13 14:58:06,positive
OnePlus,Battery life on the OnePlus could be better.,2016-09-19 15:21:08,neutral
OnePlus,My OnePlus runs all my apps smoothly.,2016-08-09 06:55:26,positive
Xiaomi,Battery life on the Xiaomi could be better.,2016-09-05 19:52:11,neutral
OnePlus,Experiencing connectivity issues with the OnePlus.,2016-07-18 16:17:30,neutral
Xiaomi,Not too impressed with the Xiaomi. Expected more.,2016-07-12 23:04:35,neutral
Xiaomi,Not too impressed with the Xiaomi. Expected more.,2016-08-01 18:10:09,negative
Samsung Galaxy,The Samsung Galaxy keeps crashing. Frustrated!,2016-09-08 05:10:40,neutral
OnePlus,Battery life on the OnePlus could be better.,2016-09-19 15:28:16,negative
OnePlus,The OnePlus is a great value for the price.,2016-09-13 01:23:41,negative
Samsung Galaxy,Not too impressed with the Samsung Galaxy. Expected more.,2016-09-02 18:17:07,negative
OnePlus,Battery life on the OnePlus could be better.,2016-09-03 05:41:49,neutral
OnePlus,The display on the OnePlus is so vibrant and clear.,2016-09-14 08:59:49,neutral
OnePlus,Battery life on the OnePlus is excellent.,2016-07-31 01:49:59,positive
iPhone,Battery life on the iPhone could be better.,2016-07-04 17:24:13,negative
OnePlus,Really happy with the performance of my new OnePlus.,2016-09-08 09:58:27,negative
Xiaomi,Not too impressed with the Xiaomi. Expected more.,2016-08-25 20:53:13,negative
iPhone,I'm impressed with the build quality of the iPhone.,2016-08-20 02:56:53,negative
Samsung Galaxy,Just got my new Samsung Galaxy! Loving it so far.,2016-08-22 03:21:00,negative
iPhone,Not too impressed with the iPhone. Expected more.,2016-08-22 23:11:53,positive
OnePlus,My OnePlus runs all my apps smoothly.,2016-08-03 21:46:07,negative
Samsung Galaxy,Battery life on the Samsung Galaxy could be better.,2016-08-30 18:37:44,neutral
iPhone,The iPhone keeps crashing. Frustrated!,2016-07-16 10:02:23,positive
iPhone,I'm impressed with the build quality of the iPhone.,2016-09-05 14:03:47,negative
OnePlus,The camera on the OnePlus is disappointing.,2016-09-28 09:01:12,neutral
Google Pixel,My Google Pixel runs all my apps smoothly.,2016-07-26 10:45:24,negative
iPhone,The display on the iPhone is so vibrant and clear.,2016-07-24 15:20:09,neutral
Google Pixel,Really happy with the performance of my new Google Pixel.,2016-08-15 09:11:45,positive
Google Pixel,The camera on the Google Pixel is disappointing.,2016-07-30 03:33:59,neutral
OnePlus,Experiencing connectivity issues with the OnePlus.,2016-09-16 14:46:19,positive
Samsung Galaxy,My Samsung Galaxy runs all my apps smoothly.,2016-08-05 11:13:21,neutral
Samsung Galaxy,Having some issues with my Samsung Galaxy. Anyone else?,2016-07-21 14:19:40,negative
Samsung Galaxy,Just got my new Samsung Galaxy! Loving it so far.,2016-07-08 21:09:53,neutral
Google Pixel,Just got my new Google Pixel! Loving it so far.,2016-07-01 06:47:57,negative
Xiaomi,Really happy with the performance of my new Xiaomi.,2016-08-22 06:13:17,neutral
Xiaomi,The Xiaomi is really sleek and fast.,2016-09-13 01:27:41,negative
Google Pixel,Really happy with the performance of my new Google Pixel.,2016-07-02 08:05:13,neutral
Samsung Galaxy,Experiencing connectivity issues with the Samsung Galaxy.,2016-07-14 20:26:45,neutral
Samsung Galaxy,Battery life on the Samsung Galaxy could be better.,2016-07-28 06:28:53,neutral
Xiaomi,Battery life on the Xiaomi is excellent.,2016-08-18 14:18:03,neutral
Google Pixel,Touchscreen on my Google Pixel is unresponsive at times.,2016-08-14 17:39:36,negative
Xiaomi,My Xiaomi is slower than expected.,2016-08-15 17:35:46,positive
Google Pixel,My Google Pixel is slower than expected.,2016-07-01 13:10:37,positive
Google Pixel,I'm impressed with the build quality of the Google Pixel.,2016-08-12 21:39:06,negative
iPhone,Having some issues with my iPhone. Anyone else?,2016-09-12 16:50:13,neutral
Xiaomi,Experiencing connectivity issues with the Xiaomi.,2016-09-15 19:19:08,positive
iPhone,The iPhone is a great value for the price.,2016-07-28 15:30:49,neutral
Google Pixel,Why is my Google Pixel overheating?,2016-08-14 07:04:50,neutral
Xiaomi,The Xiaomi is a great value for the price.,2016-08-12 04:05:00,positive
Google Pixel,The camera quality on the Google Pixel is amazing.,2016-09-22 04:12:31,neutral
Xiaomi,Battery life on the Xiaomi could be better.,2016-07-04 17:20:32,negative
Samsung Galaxy,Touchscreen on my Samsung Galaxy is unresponsive at times.,2016-07-17 13:37:22,neutral
Xiaomi,The Xiaomi keeps crashing. Frustrated!,2016-07-31 18:15:27,positive
OnePlus,The OnePlus is really sleek and fast.,2016-08-30 02:59:07,neutral
Xiaomi,My Xiaomi runs all my apps smoothly.,2016-08-01 11:58:01,neutral
OnePlus,Not too impressed with the OnePlus. Expected more.,2016-08-07 19:54:37,positive
Samsung Galaxy,Touchscreen on my Samsung Galaxy is unresponsive at times.,2016-08-17 17:59:45,positive
OnePlus,Just got my new OnePlus! Loving it so far.,2016-08-04 09:23:42,neutral
Samsung Galaxy,Experiencing connectivity issues with the Samsung Galaxy.,2016-09-05 18:10:09,negative
iPhone,Why is my iPhone overheating?,2016-08-30 18:27:55,positive
OnePlus,I regret buying the OnePlus. Not worth the money.,2016-07-30 22:07:08,neutral
Samsung Galaxy,The Samsung Galaxy keeps crashing. Frustrated!,2016-09-04 20:31:29,neutral
iPhone,The iPhone is really sleek and fast.,2016-08-02 13:43:18,positive
Google Pixel,I'm impressed with the build quality of the Google Pixel.,2016-07-31 12:32:58,negative
iPhone,Really happy with the performance of my new iPhone.,2016-07-23 02:26:41,negative
Google Pixel,Why is my Google Pixel overheating?,2016-07-15 01:13:23,neutral
Xiaomi,Battery life on the Xiaomi is excellent.,2016-09-15 20:27:47,positive
Google Pixel,Why is my Google Pixel overheating?,2016-08-31 01:17:22,negative
Samsung Galaxy,The display on the Samsung Galaxy is so vibrant and clear.,2016-07-19 20:26:39,neutral
OnePlus,The OnePlus is really sleek and fast.,2016-07-07 17:04:55,negative
Samsung Galaxy,Touchscreen on my Samsung Galaxy is unresponsive at times.,2016-09-21 07:01:44,neutral
iPhone,Touchscreen on my iPhone is unresponsive at times.,2016-07-01 20:55:20,positive
OnePlus,Touchscreen on my OnePlus is unresponsive at times.,2016-08-01 15:06:02,neutral
Google Pixel,Not too impressed with the Google Pixel. Expected more.,2016-08-11 23:00:51,negative
Samsung Galaxy,Why is my Samsung Galaxy overheating?,2016-07-29 16:57:36,neutral
Google Pixel,Having some issues with my Google Pixel. Anyone else?,2016-08-25 03:35:39,neutral
Xiaomi,The camera on the Xiaomi is disappointing.,2016-09-20 14:27:53,negative
OnePlus,The camera quality on the OnePlus is amazing.,2016-09-14 07:33:05,positive
OnePlus,The camera quality on the OnePlus is amazing.,2016-07-31 21:47:38,negative
Samsung Galaxy,Not too impressed with the Samsung Galaxy. Expected more.,2016-09-11 21:41:54,neutral
OnePlus,Battery life on the OnePlus could be better.,2016-07-31 17:36:12,neutral
OnePlus,Battery life on the OnePlus is excellent.,2016-09-10 02:24:15,neutral
iPhone,Battery life on the iPhone is excellent.,2016-09-07 20:46:20,negative
Xiaomi,The Xiaomi has exceeded my expectations!,2016-07-24 08:55:28,negative
iPhone,Battery life on the iPhone could be better.,2016-07-09 16:03:31,negative
iPhone,Experiencing connectivity issues with the iPhone.,2016-08-30 13:29:45,positive
Xiaomi,The display on the Xiaomi is so vibrant and clear.,2016-08-16 19:41:23,neutral
Google Pixel,The Google Pixel is really sleek and fast.,2016-09-13 20:12:37,positive
OnePlus,I'm impressed with the build quality of the OnePlus.,2016-09-08 16:34:24,positive
iPhone,Having some issues with my iPhone. Anyone else?,2016-08-10 06:11:36,negative
Google Pixel,I'm impressed with the build quality of the Google Pixel.,2016-08-10 19:42:13,positive
Xiaomi,I regret buying the Xiaomi. Not worth the money.,2016-09-04 02:21:22,positive
Google Pixel,Why is my Google Pixel overheating?,2016-09-15 22:02:56,negative
Samsung Galaxy,I regret buying the Samsung Galaxy. Not worth the money.,2016-09-29 05:45:21,positive
Samsung Galaxy,The Samsung Galaxy is really sleek and fast.,2016-07-18 11:29:29,neutral
Google Pixel,Experiencing connectivity issues with the Google Pixel.,2016-07-04 14:14:58,negative
Samsung Galaxy,Battery life on the Samsung Galaxy could be better.,2016-09-20 18:11:27,negative
Google Pixel,Not too impressed with the Google Pixel. Expected more.,2016-09-11 04:36:25,negative
Samsung Galaxy,I'm impressed with the build quality of the Samsung Galaxy.,2016-08-24 16:54:33,neutral
Samsung Galaxy,The Samsung Galaxy has exceeded my expectations!,2016-07-15 08:59:04,neutral
OnePlus,The OnePlus is a great value for the price.,2016-07-26 08:40:11,negative
iPhone,My iPhone runs all my apps smoothly.,2016-07-04 01:22:12,neutral
Samsung Galaxy,The Samsung Galaxy has exceeded my expectations!,2016-07-30 05:44:53,negative
Samsung Galaxy,Just got my new Samsung Galaxy! Loving it so far.,2016-09-12 14:40:10,negative
OnePlus,Battery life on the OnePlus is excellent.,2016-08-06 15:25:07,neutral
iPhone,Having some issues with my iPhone. Anyone else?,2016-08-17 20:50:20,negative
Google Pixel,The Google Pixel is a great value for the price.,2016-08-19 13:10:45,negative
Xiaomi,The camera on the Xiaomi is disappointing.,2016-07-16 10:34:22,neutral
OnePlus,The OnePlus is a great value for the price.,2016-08-11 09:01:09,neutral
iPhone,The camera quality on the iPhone is amazing.,2016-07-10 18:52:59,positive
OnePlus,The camera on the OnePlus is disappointing.,2016-08-14 03:24:30,positive
iPhone,The camera on the iPhone is disappointing.,2016-08-29 16:46:58,positive
Samsung Galaxy,My Samsung Galaxy runs all my apps smoothly.,2016-08-21 02:03:44,positive
Samsung Galaxy,Having some issues with my Samsung Galaxy. Anyone else?,2016-07-17 13:37:39,positive
Google Pixel,The Google Pixel is really sleek and fast.,2016-08-17 10:52:50,neutral
Samsung Galaxy,Experiencing connectivity issues with the Samsung Galaxy.,2016-08-14 04:59:32,positive
iPhone,Touchscreen on my iPhone is unresponsive at times.,2016-07-01 06:38:27,positive
OnePlus,My OnePlus runs all my apps smoothly.,2016-08-30 04:16:11,positive
iPhone,Why is my iPhone overheating?,2016-07-16 18:51:28,positive
Google Pixel,I regret buying the Google Pixel. Not worth the money.,2016-08-30 22:32:34,positive
Google Pixel,My Google Pixel runs all my apps smoothly.,2016-07-11 08:30:53,neutral
iPhone,My iPhone is slower than expected.,2016-09-27 10:38:02,neutral
iPhone,The iPhone is really sleek and fast.,2016-07-20 09:18:31,positive
OnePlus,The camera quality on the OnePlus is amazing.,2016-07-16 00:42:54,neutral
OnePlus,The OnePlus keeps crashing. Frustrated!,2016-07-19 08:57:46,positive
Xiaomi,The Xiaomi is a great value for the price.,2016-09-04 02:29:11,negative
iPhone,The iPhone has exceeded my expectations!,2016-07-14 15:07:47,negative
Xiaomi,The Xiaomi keeps crashing. Frustrated!,2016-08-27 12:56:24,positive
iPhone,Experiencing connectivity issues with the iPhone.,2016-07-12 22:39:41,neutral
iPhone,Just got my new iPhone! Loving it so far.,2016-07-27 06:40:06,negative
Xiaomi,The Xiaomi is a great value for the price.,2016-08-23 07:33:54,negative
iPhone,Experiencing connectivity issues with the iPhone.,2016-09-24 17:36:22,negative
iPhone,Experiencing connectivity issues with the iPhone.,2016-07-24 07:20:23,neutral
OnePlus,My OnePlus is slower than expected.,2016-08-19 14:47:40,negative
Samsung Galaxy,I'm impressed with the build quality of the Samsung Galaxy.,2016-09-22 13:55:20,neutral
Google Pixel,My Google Pixel is slower than expected.,2016-07-20 23:13:04,negative
Xiaomi,The Xiaomi is really sleek and fast.,2016-07-05 19:34:54,negative
Samsung Galaxy,I'm impressed with the build quality of the Samsung Galaxy.,2016-09-02 12:08:06,positive
iPhone,The display on the iPhone is so vibrant and clear.,2016-09-24 06:50:13,neutral
iPhone,Touchscreen on my iPhone is unresponsive at times.,2016-09-18 21:35:54,negative
Samsung Galaxy,The camera quality on the Samsung Galaxy is amazing.,2016-07-18 13:41:12,neutral
iPhone,I regret buying the iPhone. Not worth the money.,2016-09-19 04:46:39,neutral
Xiaomi,The display on the Xiaomi is so vibrant and clear.,2016-08-18 01:07:49,positive
iPhone,Just got my new iPhone! Loving it so far.,2016-07-21 02:38:24,negative
Google Pixel,I regret buying the Google Pixel. Not worth the money.,2016-08-26 22:39:48,neutral
Xiaomi,Battery life on the Xiaomi is excellent.,2016-08-02 10:37:56,positive
Google Pixel,Really happy with the performance of my new Google Pixel.,2016-07-14 01:00:26,positive
Google Pixel,Really happy with the performance of my new Google Pixel.,2016-09-05 20:27:03,negative
Xiaomi,Battery life on the Xiaomi could be better.,2016-08-19 01:55:57,neutral
Xiaomi,Touchscreen on my Xiaomi is unresponsive at times.,2016-08-27 12:15:23,negative
Xiaomi,The Xiaomi keeps crashing. Frustrated!,2016-07-30 00:17:04,negative
OnePlus,My OnePlus is slower than expected.,2016-07-27 17:20:22,negative
Google Pixel,Having some issues with my Google Pixel. Anyone else?,2016-09-15 18:29:10,neutral
Google Pixel,The Google Pixel is a great value for the price.,2016-08-18 20:16:40,negative
Google Pixel,My Google Pixel runs all my apps smoothly.,2016-07-27 03:33:59,neutral
iPhone,The camera quality on the iPhone is amazing.,2016-07-07 15:30:14,negative
Xiaomi,Not too impressed with the Xiaomi. Expected more.,2016-08-08 07:14:40,positive
Xiaomi,Really happy with the performance of my new Xiaomi.,2016-09-06 12:10:05,positive
Google Pixel,Not too impressed with the Google Pixel. Expected more.,2016-07-23 20:30:48,positive
iPhone,Experiencing connectivity issues with the iPhone.,2016-07-25 07:58:39,neutral
Samsung Galaxy,Why is my Samsung Galaxy overheating?,2016-07-16 08:26:59,negative
iPhone,The display on the iPhone is so vibrant and clear.,2016-09-09 08:08:51,negative
Xiaomi,I'm impressed with the build quality of the Xiaomi.,2016-08-18 11:07:20,positive
iPhone,Battery life on the iPhone is excellent.,2016-08-03 23:03:55,negative
Samsung Galaxy,Really happy with the performance of my new Samsung Galaxy.,2016-09-22 20:55:39,neutral
OnePlus,My OnePlus runs all my apps smoothly.,2016-08-23 10:27:00,negative
OnePlus,I'm impressed with the build quality of the OnePlus.,2016-09-13 12:36:40,negative
iPhone,My iPhone runs all my apps smoothly.,2016-09-20 05:07:18,neutral
Samsung Galaxy,Experiencing connectivity issues with the Samsung Galaxy.,2016-08-31 09:15:58,neutral
OnePlus,The camera quality on the OnePlus is amazing.,2016-09-01 15:31:07,neutral
iPhone,I regret buying the iPhone. Not worth the money.,2016-09-14 19:16:13,positive
OnePlus,I'm impressed with the build quality of the OnePlus.,2016-09-25 07:44:09,neutral
Samsung Galaxy,The camera on the Samsung Galaxy is disappointing.,2016-09-19 12:39:25,neutral
Xiaomi,The Xiaomi is a great value for the price.,2016-07-12 05:56:37,neutral
Xiaomi,My Xiaomi is slower than expected.,2016-09-18 23:24:38,positive
OnePlus,The OnePlus is a great value for the price.,2016-09-24 05:27:47,positive
Google Pixel,The camera on the Google Pixel is disappointing.,2016-08-20 12:00:42,positive
Samsung Galaxy,My Samsung Galaxy runs all my apps smoothly.,2016-08-19 07:09:00,neutral
OnePlus,The OnePlus has exceeded my expectations!,2016-07-31 20:09:08,positive
Google Pixel,Battery life on the Google Pixel could be better.,2016-09-06 11:53:20,negative
Xiaomi,Battery life on the Xiaomi is excellent.,2016-07-29 08:45:04,neutral
Xiaomi,The Xiaomi is really sleek and fast.,2016-07-17 18:18:26,neutral
Google Pixel,The Google Pixel has exceeded my expectations!,2016-09-19 00:44:06,positive
Google Pixel,The Google Pixel keeps crashing. Frustrated!,2016-09-28 22:01:21,neutral
iPhone,The display on the iPhone is so vibrant and clear.,2016-07-12 19:35:29,neutral
Samsung Galaxy,The camera quality on the Samsung Galaxy is amazing.,2016-07-12 14:38:03,negative
Samsung Galaxy,Battery life on the Samsung Galaxy could be better.,2016-09-07 06:06:16,neutral
Xiaomi,Why is my Xiaomi overheating?,2016-09-09 09:35:52,neutral
iPhone,Touchscreen on my iPhone is unresponsive at times.,2016-09-23 05:56:32,negative
Google Pixel,Not too impressed with the Google Pixel. Expected more.,2016-07-27 14:45:23,positive
Xiaomi,The camera on the Xiaomi is disappointing.,2016-07-08 17:13:50,neutral
OnePlus,Not too impressed with the OnePlus. Expected more.,2016-08-20 13:19:50,positive
Samsung Galaxy,The camera on the Samsung Galaxy is disappointing.,2016-09-15 14:04:07,positive
OnePlus,The camera quality on the OnePlus is amazing.,2016-08-29 22:13:53,negative
Samsung Galaxy,Having some issues with my Samsung Galaxy. Anyone else?,2016-08-02 03:29:55,negative
Xiaomi,Having some issues with my Xiaomi. Anyone else?,2016-07-19 22:05:33,positive
Google Pixel,Having some issues with my Google Pixel. Anyone else?,2016-09-10 04:11:14,negative
OnePlus,The camera quality on the OnePlus is amazing.,2016-08-26 21:48:49,negative
Samsung Galaxy,Touchscreen on my Samsung Galaxy is unresponsive at times.,2016-09-04 17:36:48,neutral
iPhone,My iPhone runs all my apps smoothly.,2016-09-26 11:46:21,neutral
iPhone,Really happy with the performance of my new iPhone.,2016-07-26 08:21:22,negative
OnePlus,The camera quality on the OnePlus is amazing.,2016-08-30 02:45:16,positive
Samsung Galaxy,Touchscreen on my Samsung Galaxy is unresponsive at times.,2016-08-18 03:20:55,negative
Google Pixel,Touchscreen on my Google Pixel is unresponsive at times.,2016-08-08 18:16:50,neutral
OnePlus,The camera on the OnePlus is disappointing.,2016-07-18 01:02:16,negative
Xiaomi,The Xiaomi is really sleek and fast.,2016-08-20 14:48:40,neutral
Google Pixel,The Google Pixel is a great value for the price.,2016-09-14 06:32:34,positive
Xiaomi,Battery life on the Xiaomi could be better.,2016-09-03 12:58:39,positive
OnePlus,I'm impressed with the build quality of the OnePlus.,2016-07-01 14:08:13,neutral
Google Pixel,Experiencing connectivity issues with the Google Pixel.,2016-07-28 07:55:29,negative
iPhone,Battery life on the iPhone is excellent.,2016-08-05 11:08:15,negative
iPhone,The display on the iPhone is so vibrant and clear.,2016-09-15 23:01:35,neutral
Samsung Galaxy,I'm impressed with the build quality of the Samsung Galaxy.,2016-07-27 21:55:58,positive
OnePlus,Battery life on the OnePlus could be better.,2016-08-28 02:18:33,positive
iPhone,The iPhone is a great value for the price.,2016-08-16 14:11:16,neutral
Samsung Galaxy,Having some issues with my Samsung Galaxy. Anyone else?,2016-09-10 12:49:02,positive
Samsung Galaxy,My Samsung Galaxy is slower than expected.,2016-09-11 06:55:36,neutral
Google Pixel,The camera quality on the Google Pixel is amazing.,2016-08-09 20:29:43,neutral
Google Pixel,Battery life on the Google Pixel could be better.,2016-07-26 20:03:03,neutral
Xiaomi,The display on the Xiaomi is so vibrant and clear.,2016-07-09 08:08:32,negative
Samsung Galaxy,Touchscreen on my Samsung Galaxy is unresponsive at times.,2016-08-09 03:36:56,negative
iPhone,Battery life on the iPhone is excellent.,2016-07-13 07:35:52,positive
Xiaomi,Not too impressed with the Xiaomi. Expected more.,2016-07-28 16:49:38,neutral
Google Pixel,Battery life on the Google Pixel is excellent.,2016-08-01 05:18:40,positive
Google Pixel,Touchscreen on my Google Pixel is unresponsive at times.,2016-07-18 17:32:28,neutral
OnePlus,I regret buying the OnePlus. Not worth the money.,2016-09-21 20:31:19,neutral
Samsung Galaxy,Not too impressed with the Samsung Galaxy. Expected more.,2016-09-23 22:39:27,neutral
OnePlus,Just got my new OnePlus! Loving it so far.,2016-08-23 00:34:04,neutral
Xiaomi,Touchscreen on my Xiaomi is unresponsive at times.,2016-07-14 08:06:46,positive
OnePlus,The camera quality on the OnePlus is amazing.,2016-09-02 19:16:18,negative
Xiaomi,The camera quality on the Xiaomi is amazing.,2016-07-07 07:50:39,positive
iPhone,My iPhone is slower than expected.,2016-07-28 02:10:33,positive
Xiaomi,The camera quality on the Xiaomi is amazing.,2016-08-24 16:18:45,positive
Xiaomi,Not too impressed with the Xiaomi. Expected more.,2016-08-17 06:27:53,neutral
Google Pixel,Really happy with the performance of my new Google Pixel.,2016-09-04 12:36:14,negative
OnePlus,Battery life on the OnePlus is excellent.,2016-09-01 00:26:46,negative
Samsung Galaxy,The camera on the Samsung Galaxy is disappointing.,2016-07-17 00:27:52,negative
iPhone,The iPhone has exceeded my expectations!,2016-08-05 00:09:34,positive
Xiaomi,The Xiaomi is a great value for the price.,2016-08-19 19:35:56,positive
Google Pixel,Battery life on the Google Pixel is excellent.,2016-07-28 21:14:09,negative
Samsung Galaxy,The Samsung Galaxy keeps crashing. Frustrated!,2016-07-08 22:00:06,neutral
Samsung Galaxy,The camera on the Samsung Galaxy is disappointing.,2016-09-21 23:14:47,positive
OnePlus,Touchscreen on my OnePlus is unresponsive at times.,2016-09-15 19:23:48,positive
Xiaomi,The display on the Xiaomi is so vibrant and clear.,2016-09-21 21:07:47,positive
Samsung Galaxy,Just got my new Samsung Galaxy! Loving it so far.,2016-07-14 23:48:18,negative
Samsung Galaxy,Not too impressed with the Samsung Galaxy. Expected more.,2016-08-11 20:07:23,positive
Xiaomi,The Xiaomi is a great value for the price.,2016-07-21 11:16:06,neutral
Google Pixel,The camera quality on the Google Pixel is amazing.,2016-08-27 08:51:22,positive
Xiaomi,I regret buying the Xiaomi. Not worth the money.,2016-07-07 09:03:09,positive
Google Pixel,The Google Pixel has exceeded my expectations!,2016-09-15 04:31:49,neutral
Samsung Galaxy,The Samsung Galaxy has exceeded my expectations!,2016-07-02 12:56:52,positive
Google Pixel,Experiencing connectivity issues with the Google Pixel.,2016-08-01 05:17:12,neutral
Samsung Galaxy,Not too impressed with the Samsung Galaxy. Expected more.,2016-09-09 14:38:21,neutral
OnePlus,Just got my new OnePlus! Loving it so far.,2016-07-28 16:39:37,negative
Google Pixel,Why is my Google Pixel overheating?,2016-09-21 16:46:44,positive
OnePlus,The OnePlus keeps crashing. Frustrated!,2016-07-30 08:56:47,positive
Samsung Galaxy,The display on the Samsung Galaxy is so vibrant and clear.,2016-07-21 06:26:45,positive
Google Pixel,I regret buying the Google Pixel. Not worth the money.,2016-08-10 20:52:33,negative
Xiaomi,Battery life on the Xiaomi is excellent.,2016-08-06 08:09:09,neutral
iPhone,The iPhone is a great value for the price.,2016-08-13 19:47:26,neutral
Samsung Galaxy,Really happy with the performance of my new Samsung Galaxy.,2016-07-01 15:54:43,positive
Xiaomi,Just got my new Xiaomi! Loving it so far.,2016-08-21 00:21:27,neutral
Xiaomi,Why is my Xiaomi overheating?,2016-09-08 18:02:13,positive
OnePlus,Experiencing connectivity issues with the OnePlus.,2016-08-02 15:52:29,positive
Samsung Galaxy,Just got my new Samsung Galaxy! Loving it so far.,2016-09-16 16:31:36,negative
Xiaomi,The camera on the Xiaomi is disappointing.,2016-07-26 23:45:47,negative
Google Pixel,My Google Pixel is slower than expected.,2016-08-21 15:27:24,neutral
Google Pixel,Really happy with the performance of my new Google Pixel.,2016-07-29 07:32:46,positive
Samsung Galaxy,Touchscreen on my Samsung Galaxy is unresponsive at times.,2016-08-20 10:44:31,neutral
Samsung Galaxy,Battery life on the Samsung Galaxy is excellent.,2016-08-12 17:46:43,negative
Google Pixel,Experiencing connectivity issues with the Google Pixel.,2016-09-11 22:57:54,neutral
OnePlus,The OnePlus has exceeded my expectations!,2016-08-13 20:03:04,negative
Google Pixel,Battery life on the Google Pixel could be better.,2016-07-27 17:19:46,negative
OnePlus,Just got my new OnePlus! Loving it so far.,2016-07-06 23:13:54,positive
Samsung Galaxy,My Samsung Galaxy is slower than expected.,2016-09-22 10:48:23,positive
Samsung Galaxy,I regret buying the Samsung Galaxy. Not worth the money.,2016-07-05 18:23:21,neutral
iPhone,Battery life on the iPhone is excellent.,2016-07-06 00:59:41,neutral
Samsung Galaxy,The camera on the Samsung Galaxy is disappointing.,2016-08-12 05:31:16,negative
Samsung Galaxy,Having some issues with my Samsung Galaxy. Anyone else?,2016-08-15 09:51:26,positive
Samsung Galaxy,Not too impressed with the Samsung Galaxy. Expected more.,2016-07-06 21:11:19,negative
iPhone,I'm impressed with the build quality of the iPhone.,2016-09-08 19:17:33,negative
iPhone,The display on the iPhone is so vibrant and clear.,2016-09-18 23:25:40,negative
Google Pixel,Just got my new Google Pixel! Loving it so far.,2016-08-12 15:32:56,positive
OnePlus,The camera on the OnePlus is disappointing.,2016-07-31 10:10:13,positive
Xiaomi,Why is my Xiaomi overheating?,2016-07-17 06:39:45,neutral
iPhone,Battery life on the iPhone could be better.,2016-08-09 20:45:12,neutral
Samsung Galaxy,The Samsung Galaxy is a great value for the price.,2016-09-26 12:34:58,positive
Google Pixel,Battery life on the Google Pixel could be better.,2016-07-10 23:41:55,neutral
iPhone,Not too impressed with the iPhone. Expected more.,2016-08-11 16:36:33,neutral
Samsung Galaxy,My Samsung Galaxy runs all my apps smoothly.,2016-07-06 17:56:35,neutral
Xiaomi,Battery life on the Xiaomi could be better.,2016-08-05 14:56:26,negative
Samsung Galaxy,The Samsung Galaxy has exceeded my expectations!,2016-08-11 13:53:35,negative
Xiaomi,Really happy with the performance of my new Xiaomi.,2016-08-30 18:39:34,neutral
Xiaomi,The Xiaomi is a great value for the price.,2016-07-10 10:24:36,negative
Samsung Galaxy,The Samsung Galaxy is a great value for the price.,2016-08-23 11:10:29,neutral
OnePlus,Just got my new OnePlus! Loving it so far.,2016-07-17 05:40:07,negative
Xiaomi,The Xiaomi has exceeded my expectations!,2016-08-05 00:37:18,positive
Google Pixel,Battery life on the Google Pixel is excellent.,2016-08-16 17:04:42,neutral
iPhone,Battery life on the iPhone is excellent.,2016-07-15 23:16:51,positive
Google Pixel,I'm impressed with the build quality of the Google Pixel.,2016-07-24 04:40:12,positive
iPhone,The iPhone keeps crashing. Frustrated!,2016-09-23 03:56:00,negative
OnePlus,The camera on the OnePlus is disappointing.,2016-08-14 22:14:24,neutral
Google Pixel,Just got my new Google Pixel! Loving it so far.,2016-09-29 08:48:10,neutral
Samsung Galaxy,Just got my new Samsung Galaxy! Loving it so far.,2016-08-18 04:36:41,positive
Google Pixel,The camera on the Google Pixel is disappointing.,2016-09-25 00:10:30,positive
OnePlus,The camera quality on the OnePlus is amazing.,2016-08-05 17:30:11,positive
Xiaomi,My Xiaomi is slower than expected.,2016-07-10 02:06:24,neutral
iPhone,The iPhone is a great value for the price.,2016-08-23 05:50:24,positive
Xiaomi,Just got my new Xiaomi! Loving it so far.,2016-08-06 02:18:49,negative
Xiaomi,Having some issues with my Xiaomi. Anyone else?,2016-09-05 11:04:29,positive
Google Pixel,Experiencing connectivity issues with the Google Pixel.,2016-09-04 23:22:01,positive
Xiaomi,I'm impressed with the build quality of the Xiaomi.,2016-09-19 15:24:19,negative
Samsung Galaxy,My Samsung Galaxy runs all my apps smoothly.,2016-09-08 21:15:08,positive
Samsung Galaxy,The Samsung Galaxy is a great value for the price.,2016-09-02 14:09:49,neutral
iPhone,Experiencing connectivity issues with the iPhone.,2016-09-24 16:49:26,neutral
OnePlus,Just got my new OnePlus! Loving it so far.,2016-09-14 04:39:47,positive
Samsung Galaxy,Really happy with the performance of my new Samsung Galaxy.,2016-07-29 00:32:25,positive
Samsung Galaxy,Battery life on the Samsung Galaxy could be better.,2016-07-25 11:37:09,positive
Xiaomi,Not too impressed with the Xiaomi. Expected more.,2016-09-19 23:04:36,neutral
OnePlus,My OnePlus runs all my apps smoothly.,2016-07-26 11:42:42,neutral
iPhone,The iPhone is really sleek and fast.,2016-07-22 00:07:58,neutral
Xiaomi,The Xiaomi is really sleek and fast.,2016-08-27 01:04:55,positive
Google Pixel,Just got my new Google Pixel! Loving it so far.,2016-07-02 04:20:23,negative
Xiaomi,Experiencing connectivity issues with the Xiaomi.,2016-09-03 09:04:51,negative
Xiaomi,My Xiaomi runs all my apps smoothly.,2016-07-02 02:24:46,negative
OnePlus,The OnePlus is really sleek and fast.,2016-07-01 05:23:14,neutral
Samsung Galaxy,Not too impressed with the Samsung Galaxy. Expected more.,2016-07-05 16:25:56,neutral
OnePlus,The display on the OnePlus is so vibrant and clear.,2016-09-19 02:34:14,neutral
iPhone,The iPhone is a great value for the price.,2016-07-12 13:27:14,neutral
iPhone,The iPhone has exceeded my expectations!,2016-09-09 17:46:34,positive
OnePlus,Touchscreen on my OnePlus is unresponsive at times.,2016-09-14 11:39:41,positive
OnePlus,Experiencing connectivity issues with the OnePlus.,2016-07-19 17:50:51,positive
Xiaomi,I'm impressed with the build quality of the Xiaomi.,2016-09-07 19:15:07,negative
OnePlus,I regret buying the OnePlus. Not worth the money.,2016-09-02 15:50:15,negative
Samsung Galaxy,The camera quality on the Samsung Galaxy is amazing.,2016-07-27 13:36:52,neutral
OnePlus,Not too impressed with the OnePlus. Expected more.,2016-08-13 13:43:43,neutral
Google Pixel,My Google Pixel runs all my apps smoothly.,2016-09-27 13:28:29,neutral
Xiaomi,Having some issues with my Xiaomi. Anyone else?,2016-07-25 17:37:50,positive
iPhone,Touchscreen on my iPhone is unresponsive at times.,2016-08-24 15:54:23,neutral
iPhone,Really happy with the performance of my new iPhone.,2016-07-29 11:46:15,neutral
Google Pixel,I'm impressed with the build quality of the Google Pixel.,2016-09-12 00:32:44,negative
OnePlus,Experiencing connectivity issues with the OnePlus.,2016-08-30 11:37:47,neutral
iPhone,Touchscreen on my iPhone is unresponsive at times.,2016-08-01 16:39:42,negative
Samsung Galaxy,Having some issues with my Samsung Galaxy. Anyone else?,2016-09-12 15:25:47,negative
Google Pixel,Not too impressed with the Google Pixel. Expected more.,2016-09-24 02:28:46,positive
Google Pixel,The Google Pixel has exceeded my expectations!,2016-09-10 09:31:28,neutral
Samsung Galaxy,I'm impressed with the build quality of the Samsung Galaxy.,2016-09-29 05:03:14,neutral
Samsung Galaxy,The Samsung Galaxy is really sleek and fast.,2016-09-15 21:22:57,positive
OnePlus,Not too impressed with the OnePlus. Expected more.,2016-08-22 02:58:49,neutral
OnePlus,My OnePlus is slower than expected.,2016-09-09 10:32:38,neutral
Xiaomi,The Xiaomi is a great value for the price.,2016-09-13 17:25:45,neutral
Google Pixel,My Google Pixel runs all my apps smoothly.,2016-09-29 16:04:46,neutral
OnePlus,The camera quality on the OnePlus is amazing.,2016-07-09 14:44:24,negative
Google Pixel,Touchscreen on my Google Pixel is unresponsive at times.,2016-07-25 01:27:39,negative
iPhone,Why is my iPhone overheating?,2016-08-02 09:46:40,negative
OnePlus,The OnePlus is a great value for the price.,2016-09-14 09:28:56,negative
Xiaomi,The Xiaomi has exceeded my expectations!,2016-09-25 03:10:25,neutral
Xiaomi,Experiencing connectivity issues with the Xiaomi.,2016-09-05 15:34:35,negative
Google Pixel,Battery life on the Google Pixel could be better.,2016-08-23 18:17:55,positive
Samsung Galaxy,The Samsung Galaxy keeps crashing. Frustrated!,2016-08-02 20:56:14,neutral
Xiaomi,Really happy with the performance of my new Xiaomi.,2016-09-08 14:50:17,positive
Samsung Galaxy,The Samsung Galaxy is a great value for the price.,2016-07-20 16:21:02,negative
Samsung Galaxy,Really happy with the performance of my new Samsung Galaxy.,2016-09-16 04:33:08,neutral
Google Pixel,Not too impressed with the Google Pixel. Expected more.,2016-07-12 15:39:16,negative
Samsung Galaxy,The Samsung Galaxy is really sleek and fast.,2016-07-28 22:40:33,neutral
iPhone,The camera on the iPhone is disappointing.,2016-08-16 09:56:44,neutral
iPhone,The camera on the iPhone is disappointing.,2016-08-30 17:45:22,negative
Google Pixel,The Google Pixel keeps crashing. Frustrated!,2016-07-23 20:14:38,positive
Google Pixel,Experiencing connectivity issues with the Google Pixel.,2016-09-11 20:59:57,negative
OnePlus,Having some issues with my OnePlus. Anyone else?,2016-08-19 01:55:04,neutral
OnePlus,My OnePlus runs all my apps smoothly.,2016-09-01 07:14:56,positive
Xiaomi,Having some issues with my Xiaomi. Anyone else?,2016-07-20 15:57:59,positive
Xiaomi,The camera quality on the Xiaomi is amazing.,2016-09-07 10:38:59,positive
Xiaomi,The Xiaomi has exceeded my expectations!,2016-09-07 08:06:52,negative
iPhone,Having some issues with my iPhone. Anyone else?,2016-08-19 04:28:49,negative
Xiaomi,Touchscreen on my Xiaomi is unresponsive at times.,2016-07-07 18:42:12,neutral
Samsung Galaxy,Experiencing connectivity issues with the Samsung Galaxy.,2016-08-08 14:38:27,neutral
Google Pixel,The Google Pixel is a great value for the price.,2016-08-15 16:16:06,neutral
Samsung Galaxy,Battery life on the Samsung Galaxy is excellent.,2016-07-11 20:33:39,neutral
Samsung Galaxy,Battery life on the Samsung Galaxy is excellent.,2016-07-29 00:37:41,neutral
Samsung Galaxy,Why is my Samsung Galaxy overheating?,2016-07-06 17:26:23,neutral
iPhone,Battery life on the iPhone could be better.,2016-07-23 08:54:30,positive
Google Pixel,Just got my new Google Pixel! Loving it so far.,2016-08-06 03:56:08,negative
Samsung Galaxy,Not too impressed with the Samsung Galaxy. Expected more.,2016-07-23 20:20:56,positive
OnePlus,Having some issues with my OnePlus. Anyone else?,2016-08-31 17:24:46,positive
iPhone,Experiencing connectivity issues with the iPhone.,2016-08-23 18:01:52,neutral
Samsung Galaxy,Touchscreen on my Samsung Galaxy is unresponsive at times.,2016-07-28 16:23:21,positive
Xiaomi,The display on the Xiaomi is so vibrant and clear.,2016-08-01 12:44:57,positive
Google Pixel,Having some issues with my Google Pixel. Anyone else?,2016-09-18 23:30:12,negative
iPhone,Why is my iPhone overheating?,2016-07-06 19:41:57,negative
iPhone,My iPhone runs all my apps smoothly.,2016-07-13 07:43:46,neutral
Xiaomi,The Xiaomi is really sleek and fast.,2016-09-28 03:31:47,positive
Google Pixel,Why is my Google Pixel overheating?,2016-09-05 14:11:50,negative
Samsung Galaxy,I regret buying the Samsung Galaxy. Not worth the money.,2016-08-18 17:45:41,neutral
Samsung Galaxy,Not too impressed with the Samsung Galaxy. Expected more.,2016-09-11 20:46:59,neutral
OnePlus,I'm impressed with the build quality of the OnePlus.,2016-08-28 09:30:47,neutral
Google Pixel,The display on the Google Pixel is so vibrant and clear.,2016-09-24 18:51:55,neutral
Samsung Galaxy,I'm impressed with the build quality of the Samsung Galaxy.,2016-08-05 08:21:34,negative
iPhone,I regret buying the iPhone. Not worth the money.,2016-08-06 23:59:34,neutral
Samsung Galaxy,Experiencing connectivity issues with the Samsung Galaxy.,2016-08-05 15:44:42,positive
OnePlus,Not too impressed with the OnePlus. Expected more.,2016-08-29 18:54:07,positive
Xiaomi,My Xiaomi runs all my apps smoothly.,2016-08-09 07:43:02,neutral
iPhone,Really happy with the performance of my new iPhone.,2016-07-02 08:04:28,positive
Xiaomi,Really happy with the performance of my new Xiaomi.,2016-08-07 16:33:28,negative
iPhone,The iPhone is really sleek and fast.,2016-08-05 22:59:08,neutral
Google Pixel,Why is my Google Pixel overheating?,2016-08-03 01:11:31,negative
Google Pixel,The Google Pixel is a great value for the price.,2016-08-16 12:33:14,neutral
Samsung Galaxy,The Samsung Galaxy is really sleek and fast.,2016-07-29 06:08:57,positive
Xiaomi,The Xiaomi keeps crashing. Frustrated!,2016-07-04 05:34:38,positive
Samsung Galaxy,Really happy with the performance of my new Samsung Galaxy.,2016-08-12 06:17:44,positive
Samsung Galaxy,Really happy with the performance of my new Samsung Galaxy.,2016-07-13 21:57:14,neutral
OnePlus,The OnePlus is a great value for the price.,2016-07-19 00:44:55,negative
Xiaomi,I'm impressed with the build quality of the Xiaomi.,2016-07-17 06:39:33,negative
Google Pixel,The camera quality on the Google Pixel is amazing.,2016-07-25 12:23:12,negative
Samsung Galaxy,Touchscreen on my Samsung Galaxy is unresponsive at times.,2016-09-20 13:50:27,positive
iPhone,I regret buying the iPhone. Not worth the money.,2016-09-02 20:27:18,neutral
Xiaomi,The Xiaomi is really sleek and fast.,2016-09-25 09:18:34,negative
iPhone,Why is my iPhone overheating?,2016-07-09 04:34:33,neutral
Samsung Galaxy,Having some issues with my Samsung Galaxy. Anyone else?,2016-09-25 05:53:13,positive
Samsung Galaxy,The display on the Samsung Galaxy is so vibrant and clear.,2016-07-11 09:19:12,positive
Google Pixel,The Google Pixel is really sleek and fast.,2016-09-04 13:02:06,negative
Google Pixel,The display on the Google Pixel is so vibrant and clear.,2016-07-24 03:09:19,neutral
OnePlus,Not too impressed with the OnePlus. Expected more.,2016-07-20 07:36:46,negative
OnePlus,The camera on the OnePlus is disappointing.,2016-09-11 05:12:55,negative
Samsung Galaxy,The Samsung Galaxy has exceeded my expectations!,2016-09-10 22:31:20,positive
Google Pixel,My Google Pixel is slower than expected.,2016-08-12 11:56:49,neutral
Google Pixel,Why is my Google Pixel overheating?,2016-08-28 14:50:30,positive
Samsung Galaxy,My Samsung Galaxy is slower than expected.,2016-07-07 08:35:13,neutral
Xiaomi,Really happy with the performance of my new Xiaomi.,2016-09-13 10:40:30,negative
Samsung Galaxy,Experiencing connectivity issues with the Samsung Galaxy.,2016-07-04 17:40:56,negative
OnePlus,The OnePlus is really sleek and fast.,2016-08-04 09:21:37,negative
Xiaomi,The Xiaomi keeps crashing. Frustrated!,2016-07-20 20:10:54,neutral
Samsung Galaxy,I'm impressed with the build quality of the Samsung Galaxy.,2016-07-12 11:51:29,positive
Google Pixel,Battery life on the Google Pixel could be better.,2016-07-24 15:16:18,positive
iPhone,The iPhone keeps crashing. Frustrated!,2016-07-02 11:38:31,neutral
Google Pixel,Not too impressed with the Google Pixel. Expected more.,2016-08-13 09:18:44,negative
OnePlus,Battery life on the OnePlus could be better.,2016-08-16 18:03:53,negative
Samsung Galaxy,The camera on the Samsung Galaxy is disappointing.,2016-09-25 00:19:03,negative
Xiaomi,The camera quality on the Xiaomi is amazing.,2016-08-03 19:30:53,neutral
Google Pixel,I'm impressed with the build quality of the Google Pixel.,2016-07-07 07:28:23,neutral
iPhone,The camera on the iPhone is disappointing.,2016-09-28 03:08:41,negative
Samsung Galaxy,Touchscreen on my Samsung Galaxy is unresponsive at times.,2016-08-01 12:45:14,neutral
Google Pixel,Really happy with the performance of my new Google Pixel.,2016-08-24 12:02:39,negative
OnePlus,Really happy with the performance of my new OnePlus.,2016-07-26 16:28:14,positive
OnePlus,Why is my OnePlus overheating?,2016-09-02 12:20:30,negative
Xiaomi,I'm impressed with the build quality of the Xiaomi.,2016-07-24 11:09:10,negative
iPhone,Having some issues with my iPhone. Anyone else?,2016-07-27 12:53:32,neutral
OnePlus,Why is my OnePlus overheating?,2016-08-14 18:51:58,negative
iPhone,I regret buying the iPhone. Not worth the money.,2016-07-30 13:56:31,neutral
iPhone,The camera on the iPhone is disappointing.,2016-09-19 08:10:48,neutral
Samsung Galaxy,I regret buying the Samsung Galaxy. Not worth the money.,2016-08-11 12:01:09,neutral
Samsung Galaxy,The Samsung Galaxy has exceeded my expectations!,2016-08-31 19:16:22,negative
OnePlus,Battery life on the OnePlus could be better.,2016-08-04 19:51:57,negative
OnePlus,My OnePlus is slower than expected.,2016-08-13 08:12:24,positive
OnePlus,The camera quality on the OnePlus is amazing.,2016-08-06 20:51:47,positive
Google Pixel,Why is my Google Pixel overheating?,2016-09-02 19:55:05,neutral
iPhone,Battery life on the iPhone is excellent.,2016-07-22 10:13:49,neutral
Xiaomi,The camera on the Xiaomi is disappointing.,2016-08-08 15:45:32,negative
Xiaomi,I'm impressed with the build quality of the Xiaomi.,2016-09-20 15:37:10,positive
Samsung Galaxy,The display on the Samsung Galaxy is so vibrant and clear.,2016-09-13 02:52:18,positive
Samsung Galaxy,My Samsung Galaxy runs all my apps smoothly.,2016-09-02 21:24:58,positive
Samsung Galaxy,Touchscreen on my Samsung Galaxy is unresponsive at times.,2016-08-30 16:40:55,negative
OnePlus,Why is my OnePlus overheating?,2016-07-21 04:37:59,positive
Xiaomi,The camera quality on the Xiaomi is amazing.,2016-08-23 03:06:25,negative
Google Pixel,I regret buying the Google Pixel. Not worth the money.,2016-07-15 05:56:11,neutral
Google Pixel,My Google Pixel is slower than expected.,2016-09-02 05:53:42,neutral
iPhone,Having some issues with my iPhone. Anyone else?,2016-07-08 11:58:58,negative
iPhone,The iPhone is a great value for the price.,2016-08-05 03:25:27,negative
Xiaomi,The camera quality on the Xiaomi is amazing.,2016-09-06 15:22:20,negative
Xiaomi,The display on the Xiaomi is so vibrant and clear.,2016-09-12 10:41:35,neutral
OnePlus,The camera on the OnePlus is disappointing.,2016-09-04 21:58:26,positive
Xiaomi,The camera quality on the Xiaomi is amazing.,2016-07-27 02:48:13,positive
Xiaomi,Touchscreen on my Xiaomi is unresponsive at times.,2016-09-09 17:47:15,positive
iPhone,The iPhone is really sleek and fast.,2016-07-04 17:35:48,neutral
Samsung Galaxy,The display on the Samsung Galaxy is so vibrant and clear.,2016-08-10 07:55:06,neutral
Google Pixel,The Google Pixel is really sleek and fast.,2016-07-12 22:44:18,positive
Xiaomi,Just got my new Xiaomi! Loving it so far.,2016-09-19 10:20:41,neutral
Google Pixel,I regret buying the Google Pixel. Not worth the money.,2016-09-29 14:17:38,negative
OnePlus,The OnePlus is a great value for the price.,2016-09-11 05:34:10,neutral
Xiaomi,The camera on the Xiaomi is disappointing.,2016-08-11 19:00:06,neutral
iPhone,I'm impressed with the build quality of the iPhone.,2016-08-29 12:46:55,negative
Samsung Galaxy,The Samsung Galaxy has exceeded my expectations!,2016-08-28 03:46:54,negative
iPhone,My iPhone is slower than expected.,2016-09-08 10:03:09,negative
iPhone,The camera quality on the iPhone is amazing.,2016-09-15 23:57:20,neutral
OnePlus,The OnePlus has exceeded my expectations!,2016-07-13 18:53:21,neutral
OnePlus,The OnePlus has exceeded my expectations!,2016-07-18 20:05:14,neutral
Xiaomi,I regret buying the Xiaomi. Not worth the money.,2016-07-13 18:46:32,neutral
iPhone,Experiencing connectivity issues with the iPhone.,2016-08-29 19:36:59,neutral
Samsung Galaxy,Touchscreen on my Samsung Galaxy is unresponsive at times.,2016-09-01 06:51:21,positive
Samsung Galaxy,Really happy with the performance of my new Samsung Galaxy.,2016-08-17 06:00:00,neutral
OnePlus,Really happy with the performance of my new OnePlus.,2016-07-20 06:57:44,neutral
OnePlus,Just got my new OnePlus! Loving it so far.,2016-09-09 20:00:59,neutral
iPhone,Touchscreen on my iPhone is unresponsive at times.,2016-07-04 00:21:40,negative
OnePlus,Battery life on the OnePlus is excellent.,2016-08-16 00:31:51,positive
Google Pixel,Experiencing connectivity issues with the Google Pixel.,2016-07-30 23:54:09,negative
OnePlus,The camera quality on the OnePlus is amazing.,2016-08-21 13:47:43,negative
iPhone,Really happy with the performance of my new iPhone.,2016-07-04 09:56:55,neutral
iPhone,The camera on the iPhone is disappointing.,2016-07-18 06:06:26,negative
Xiaomi,I'm impressed with the build quality of the Xiaomi.,2016-07-04 03:50:24,negative
Google Pixel,The display on the Google Pixel is so vibrant and clear.,2016-08-14 11:00:57,positive
Samsung Galaxy,Experiencing connectivity issues with the Samsung Galaxy.,2016-09-29 22:29:16,neutral
OnePlus,I regret buying the OnePlus. Not worth the money.,2016-07-31 04:42:18,positive
OnePlus,The OnePlus keeps crashing. Frustrated!,2016-09-16 16:39:19,positive
Samsung Galaxy,Just got my new Samsung Galaxy! Loving it so far.,2016-09-19 17:29:50,negative
OnePlus,Having some issues with my OnePlus. Anyone else?,2016-07-04 06:47:17,neutral
Samsung Galaxy,Experiencing connectivity issues with the Samsung Galaxy.,2016-09-13 11:43:44,positive
Xiaomi,My Xiaomi is slower than expected.,2016-07-02 23:46:05,negative
Google Pixel,The Google Pixel is a great value for the price.,2016-09-12 03:30:51,positive
Google Pixel,My Google Pixel is slower than expected.,2016-07-11 09:35:03,neutral
Samsung Galaxy,Battery life on the Samsung Galaxy is excellent.,2016-08-01 08:56:26,positive
Samsung Galaxy,My Samsung Galaxy runs all my apps smoothly.,2016-08-04 02:10:23,positive
Samsung Galaxy,Really happy with the performance of my new Samsung Galaxy.,2016-08-30 10:25:29,neutral
Xiaomi,Why is my Xiaomi overheating?,2016-09-06 20:14:11,positive
Google Pixel,Just got my new Google Pixel! Loving it so far.,2016-07-08 03:12:08,positive
OnePlus,Not too impressed with the OnePlus. Expected more.,2016-09-19 22:31:26,negative
Google Pixel,Not too impressed with the Google Pixel. Expected more.,2016-09-04 10:31:13,negative
iPhone,Why is my iPhone overheating?,2016-08-06 20:41:01,negative
OnePlus,Having some issues with my OnePlus. Anyone else?,2016-09-24 13:25:35,neutral
Google Pixel,Having some issues with my Google Pixel. Anyone else?,2016-07-30 09:47:05,negative
Samsung Galaxy,Experiencing connectivity issues with the Samsung Galaxy.,2016-09-26 21:15:36,neutral
Samsung Galaxy,The Samsung Galaxy keeps crashing. Frustrated!,2016-09-20 11:00:10,negative
OnePlus,The display on the OnePlus is so vibrant and clear.,2016-08-24 23:23:41,positive
iPhone,The iPhone is really sleek and fast.,2016-09-21 23:41:22,positive
Xiaomi,Battery life on the Xiaomi is excellent.,2016-08-25 00:52:59,neutral
iPhone,Really happy with the performance of my new iPhone.,2016-08-30 00:15:28,neutral
iPhone,Really happy with the performance of my new iPhone.,2016-07-23 03:42:17,positive
Google Pixel,Not too impressed with the Google Pixel. Expected more.,2016-07-25 05:54:35,neutral
OnePlus,The OnePlus has exceeded my expectations!,2016-08-31 11:41:34,positive
Xiaomi,Battery life on the Xiaomi could be better.,2016-08-27 04:00:01,negative
Google Pixel,Not too impressed with the Google Pixel. Expected more.,2016-07-27 09:32:54,positive
Xiaomi,The Xiaomi is a great value for the price.,2016-07-16 15:30:28,negative
Xiaomi,The Xiaomi keeps crashing. Frustrated!,2016-09-06 16:29:12,negative
Google Pixel,Having some issues with my Google Pixel. Anyone else?,2016-08-23 06:00:31,neutral
Google Pixel,I'm impressed with the build quality of the Google Pixel.,2016-08-12 22:04:08,positive
Samsung Galaxy,The camera on the Samsung Galaxy is disappointing.,2016-08-21 16:03:10,positive
OnePlus,The OnePlus keeps crashing. Frustrated!,2016-07-03 08:08:26,negative
Google Pixel,The Google Pixel has exceeded my expectations!,2016-08-25 04:59:45,positive
Google Pixel,My Google Pixel is slower than expected.,2016-07-04 03:44:05,positive
iPhone,The iPhone keeps crashing. Frustrated!,2016-09-08 20:37:10,negative
Google Pixel,Not too impressed with the Google Pixel. Expected more.,2016-07-15 08:25:47,neutral
OnePlus,My OnePlus is slower than expected.,2016-09-21 17:09:40,positive
Google Pixel,Touchscreen on my Google Pixel is unresponsive at times.,2016-09-03 15:07:00,positive
Xiaomi,The Xiaomi is really sleek and fast.,2016-07-12 20:22:13,positive
Xiaomi,My Xiaomi runs all my apps smoothly.,2016-07-24 06:46:22,negative
iPhone,Battery life on the iPhone could be better.,2016-08-02 17:03:21,positive
Google Pixel,Not too impressed with the Google Pixel. Expected more.,2016-07-21 00:42:40,positive
Google Pixel,My Google Pixel is slower than expected.,2016-07-12 06:07:45,neutral
OnePlus,The OnePlus is a great value for the price.,2016-07-22 02:14:01,positive
Samsung Galaxy,Battery life on the Samsung Galaxy could be better.,2016-08-11 20:45:48,neutral
OnePlus,The OnePlus is a great value for the price.,2016-07-06 22:47:35,neutral
Samsung Galaxy,The Samsung Galaxy keeps crashing. Frustrated!,2016-09-15 05:32:17,negative
Samsung Galaxy,My Samsung Galaxy is slower than expected.,2016-08-03 17:27:03,negative
OnePlus,The OnePlus keeps crashing. Frustrated!,2016-09-10 09:07:08,neutral
iPhone,The iPhone is really sleek and fast.,2016-09-25 22:39:09,positive
Xiaomi,Experiencing connectivity issues with the Xiaomi.,2016-07-20 10:44:03,neutral
OnePlus,The OnePlus is really sleek and fast.,2016-07-01 01:41:48,positive
Samsung Galaxy,Experiencing connectivity issues with the Samsung Galaxy.,2016-07-27 00:36:38,positive
Google Pixel,Really happy with the performance of my new Google Pixel.,2016-09-13 17:20:09,positive
Samsung Galaxy,The Samsung Galaxy has exceeded my expectations!,2016-07-16 14:03:35,positive
Xiaomi,Battery life on the Xiaomi could be better.,2016-07-30 14:43:09,positive
Xiaomi,The Xiaomi keeps crashing. Frustrated!,2016-09-29 15:44:45,negative
OnePlus,My OnePlus runs all my apps smoothly.,2016-07-11 16:03:28,positive
Google Pixel,I'm impressed with the build quality of the Google Pixel.,2016-07-02 15:44:29,positive
Google Pixel,The display on the Google Pixel is so vibrant and clear.,2016-08-09 06:45:01,positive
Samsung Galaxy,The camera quality on the Samsung Galaxy is amazing.,2016-09-26 04:15:35,neutral
iPhone,The camera on the iPhone is disappointing.,2016-09-07 09:47:07,neutral
Xiaomi,Having some issues with my Xiaomi. Anyone else?,2016-08-18 15:42:16,positive
Google Pixel,Not too impressed with the Google Pixel. Expected more.,2016-07-14 23:26:53,negative
Samsung Galaxy,Experiencing connectivity issues with the Samsung Galaxy.,2016-07-04 20:57:39,neutral
Xiaomi,Not too impressed with the Xiaomi. Expected more.,2016-09-25 16:39:07,neutral
Xiaomi,Not too impressed with the Xiaomi. Expected more.,2016-08-06 00:12:30,positive
Google Pixel,Really happy with the performance of my new Google Pixel.,2016-08-21 06:47:23,positive
iPhone,Battery life on the iPhone is excellent.,2016-08-18 15:04:52,positive
Google Pixel,Really happy with the performance of my new Google Pixel.,2016-07-15 00:43:44,neutral
Xiaomi,My Xiaomi is slower than expected.,2016-09-07 20:13:58,positive
iPhone,The iPhone keeps crashing. Frustrated!,2016-09-19 04:17:48,positive
Google Pixel,Battery life on the Google Pixel could be better.,2016-09-25 18:09:41,negative
Google Pixel,Battery life on the Google Pixel is excellent.,2016-09-18 08:30:43,negative
OnePlus,My OnePlus is slower than expected.,2016-09-09 14:52:22,neutral
OnePlus,My OnePlus is slower than expected.,2016-08-19 01:02:59,negative
Google Pixel,I'm impressed with the build quality of the Google Pixel.,2016-07-23 16:13:46,positive
Samsung Galaxy,The camera on the Samsung Galaxy is disappointing.,2016-07-01 11:35:50,neutral
OnePlus,I regret buying the OnePlus. Not worth the money.,2016-09-29 07:51:28,positive
Google Pixel,My Google Pixel runs all my apps smoothly.,2016-08-19 14:00:48,negative
Google Pixel,The Google Pixel keeps crashing. Frustrated!,2016-09-17 06:11:55,neutral
Samsung Galaxy,Touchscreen on my Samsung Galaxy is unresponsive at times.,2016-08-17 22:57:59,neutral
OnePlus,Experiencing connectivity issues with the OnePlus.,2016-09-18 20:01:46,negative
Google Pixel,Touchscreen on my Google Pixel is unresponsive at times.,2016-09-21 02:59:09,neutral
Xiaomi,The Xiaomi is a great value for the price.,2016-08-11 16:42:45,neutral
OnePlus,The OnePlus is a great value for the price.,2016-09-01 01:09:14,negative
Xiaomi,Battery life on the Xiaomi could be better.,2016-07-19 09:59:50,neutral
Samsung Galaxy,Touchscreen on my Samsung Galaxy is unresponsive at times.,2016-07-19 16:58:06,positive
iPhone,The iPhone has exceeded my expectations!,2016-07-17 12:24:57,positive
Samsung Galaxy,My Samsung Galaxy is slower than expected.,2016-09-28 22:41:41,neutral
iPhone,Just got my new iPhone! Loving it so far.,2016-09-04 12:04:11,neutral
OnePlus,Just got my new OnePlus! Loving it so far.,2016-08-31 07:30:24,negative
Xiaomi,Having some issues with my Xiaomi. Anyone else?,2016-08-11 06:10:04,negative
iPhone,Battery life on the iPhone could be better.,2016-08-17 19:36:58,neutral
Xiaomi,The display on the Xiaomi is so vibrant and clear.,2016-07-19 05:20:10,negative
iPhone,I'm impressed with the build quality of the iPhone.,2016-07-04 21:24:35,positive
OnePlus,The OnePlus keeps crashing. Frustrated!,2016-08-09 14:22:24,negative
Samsung Galaxy,Touchscreen on my Samsung Galaxy is unresponsive at times.,2016-08-23 10:26:22,neutral
Xiaomi,Having some issues with my Xiaomi. Anyone else?,2016-07-24 12:29:08,positive
iPhone,Not too impressed with the iPhone. Expected more.,2016-09-15 06:02:01,negative
Xiaomi,The camera on the Xiaomi is disappointing.,2016-07-19 05:27:15,neutral
Samsung Galaxy,I'm impressed with the build quality of the Samsung Galaxy.,2016-08-28 19:09:33,positive
Xiaomi,Why is my Xiaomi overheating?,2016-07-08 15:16:25,neutral
iPhone,The iPhone has exceeded my expectations!,2016-07-04 13:26:37,neutral
Samsung Galaxy,I regret buying the Samsung Galaxy. Not worth the money.,2016-09-02 06:37:34,positive
iPhone,My iPhone runs all my apps smoothly.,2016-09-18 13:51:57,negative
iPhone,Having some issues with my iPhone. Anyone else?,2016-09-19 04:20:25,negative
Samsung Galaxy,The Samsung Galaxy is a great value for the price.,2016-07-21 13:25:04,negative
Google Pixel,Really happy with the performance of my new Google Pixel.,2016-09-26 14:10:34,negative
Xiaomi,The Xiaomi keeps crashing. Frustrated!,2016-07-22 01:18:43,neutral
Samsung Galaxy,I'm impressed with the build quality of the Samsung Galaxy.,2016-09-28 18:55:36,positive
Samsung Galaxy,Experiencing connectivity issues with the Samsung Galaxy.,2016-09-10 00:40:00,negative
Google Pixel,Just got my new Google Pixel! Loving it so far.,2016-09-04 23:36:17,positive
Google Pixel,My Google Pixel runs all my apps smoothly.,2016-08-28 06:48:40,positive
iPhone,Touchscreen on my iPhone is unresponsive at times.,2016-08-15 00:15:18,positive
iPhone,I regret buying the iPhone. Not worth the money.,2016-08-27 05:36:10,negative
iPhone,Battery life on the iPhone is excellent.,2016-07-02 12:29:59,negative
iPhone,Experiencing connectivity issues with the iPhone.,2016-07-17 02:18:33,positive
iPhone,I'm impressed with the build quality of the iPhone.,2016-07-09 19:20:20,positive
iPhone,My iPhone runs all my apps smoothly.,2016-07-13 14:48:09,neutral
iPhone,The iPhone keeps crashing. Frustrated!,2016-07-23 18:37:58,positive
iPhone,The camera on the iPhone is disappointing.,2016-08-12 15:49:18,positive
OnePlus,I'm impressed with the build quality of the OnePlus.,2016-07-17 23:05:27,negative
OnePlus,Really happy with the performance of my new OnePlus.,2016-08-07 18:55:46,neutral
iPhone,Touchscreen on my iPhone is unresponsive at times.,2016-09-25 15:11:37,positive
Xiaomi,My Xiaomi is slower than expected.,2016-07-21 04:07:53,negative
Google Pixel,Having some issues with my Google Pixel. Anyone else?,2016-07-31 14:07:44,positive
Google Pixel,The camera quality on the Google Pixel is amazing.,2016-09-05 08:25:07,positive
Google Pixel,Not too impressed with the Google Pixel. Expected more.,2016-07-18 17:09:15,neutral
Google Pixel,Just got my new Google Pixel! Loving it so far.,2016-07-23 21:14:19,positive
Google Pixel,Why is my Google Pixel overheating?,2016-07-12 11:57:25,positive
OnePlus,I regret buying the OnePlus. Not worth the money.,2016-07-21 10:37:57,neutral
Google Pixel,Battery life on the Google Pixel is excellent.,2016-09-13 10:09:23,negative
iPhone,Touchscreen on my iPhone is unresponsive at times.,2016-09-19 16:21:38,negative
Samsung Galaxy,I'm impressed with the build quality of the Samsung Galaxy.,2016-09-18 13:41:01,negative
Google Pixel,Battery life on the Google Pixel could be better.,2016-08-03 22:41:51,positive
Xiaomi,Not too impressed with the Xiaomi. Expected more.,2016-07-31 17:02:51,negative
Xiaomi,The Xiaomi is a great value for the price.,2016-08-16 15:12:42,positive
Samsung Galaxy,The Samsung Galaxy has exceeded my expectations!,2016-07-04 22:26:48,negative
Google Pixel,The Google Pixel has exceeded my expectations!,2016-09-09 12:01:00,negative
iPhone,The camera on the iPhone is disappointing.,2016-07-25 06:38:45,neutral
OnePlus,The OnePlus keeps crashing. Frustrated!,2016-07-04 21:54:24,neutral
iPhone,I regret buying the iPhone. Not worth the money.,2016-09-10 07:06:53,neutral
Google Pixel,Really happy with the performance of my new Google Pixel.,2016-08-26 15:49:52,neutral
Google Pixel,The camera on the Google Pixel is disappointing.,2016-08-26 15:14:14,negative
iPhone,The iPhone keeps crashing. Frustrated!,2016-07-04 11:59:42,negative
iPhone,Touchscreen on my iPhone is unresponsive at times.,2016-09-04 20:57:25,positive
Google Pixel,The Google Pixel is really sleek and fast.,2016-09-23 03:00:40,positive
OnePlus,Experiencing connectivity issues with the OnePlus.,2016-09-19 19:25:53,positive
Xiaomi,Not too impressed with the Xiaomi. Expected more.,2016-07-07 00:38:51,neutral
iPhone,My iPhone runs all my apps smoothly.,2016-08-10 17:51:35,positive
Samsung Galaxy,The Samsung Galaxy has exceeded my expectations!,2016-08-23 09:39:34,negative
iPhone,I regret buying the iPhone. Not worth the money.,2016-07-02 12:05:31,negative
OnePlus,My OnePlus is slower than expected.,2016-08-17 23:39:42,positive
Xiaomi,The camera quality on the Xiaomi is amazing.,2016-08-02 23:08:52,negative
iPhone,Experiencing connectivity issues with the iPhone.,2016-07-29 16:55:32,positive
Google Pixel,The display on the Google Pixel is so vibrant and clear.,2016-08-19 00:41:58,negative
Samsung Galaxy,I regret buying the Samsung Galaxy. Not worth the money.,2016-07-11 08:22:32,neutral
Xiaomi,Battery life on the Xiaomi is excellent.,2016-09-23 20:52:37,negative
OnePlus,Not too impressed with the OnePlus. Expected more.,2016-08-19 00:25:15,positive
Samsung Galaxy,I'm impressed with the build quality of the Samsung Galaxy.,2016-07-22 03:43:23,neutral
Xiaomi,The camera on the Xiaomi is disappointing.,2016-07-26 21:33:00,neutral
iPhone,The iPhone is a great value for the price.,2016-07-26 19:22:13,positive
Xiaomi,The Xiaomi keeps crashing. Frustrated!,2016-07-30 14:36:20,neutral
iPhone,I regret buying the iPhone. Not worth the money.,2016-08-29 06:29:51,negative
Google Pixel,Really happy with the performance of my new Google Pixel.,2016-08-23 03:29:18,negative
Samsung Galaxy,Why is my Samsung Galaxy overheating?,2016-09-27 09:21:49,neutral
iPhone,Just got my new iPhone! Loving it so far.,2016-09-16 05:03:30,neutral
iPhone,Having some issues with my iPhone. Anyone else?,2016-07-27 05:04:28,negative
OnePlus,My OnePlus is slower than expected.,2016-09-02 00:17:07,neutral
Google Pixel,Battery life on the Google Pixel is excellent.,2016-09-15 01:09:42,positive
iPhone,The iPhone has exceeded my expectations!,2016-08-21 05:47:02,neutral
Samsung Galaxy,Battery life on the Samsung Galaxy could be better.,2016-07-29 16:54:05,positive
Samsung Galaxy,Why is my Samsung Galaxy overheating?,2016-08-22 19:50:38,negative
iPhone,Having some issues with my iPhone. Anyone else?,2016-07-30 14:08:51,neutral
OnePlus,Not too impressed with the OnePlus. Expected more.,2016-09-28 23:58:04,positive
Google Pixel,Just got my new Google Pixel! Loving it so far.,2016-09-26 13:15:16,negative
iPhone,My iPhone runs all my apps smoothly.,2016-08-27 15:38:41,neutral
Samsung Galaxy,I'm impressed with the build quality of the Samsung Galaxy.,2016-08-30 06:09:35,neutral
iPhone,My iPhone runs all my apps smoothly.,2016-08-08 16:43:26,negative
iPhone,The camera quality on the iPhone is amazing.,2016-07-13 19:49:58,neutral
OnePlus,My OnePlus is slower than expected.,2016-08-12 10:12:31,negative
Samsung Galaxy,The camera on the Samsung Galaxy is disappointing.,2016-08-09 18:24:51,positive
Google Pixel,My Google Pixel is slower than expected.,2016-07-21 02:30:23,positive
Samsung Galaxy,The Samsung Galaxy is really sleek and fast.,2016-07-17 15:47:12,negative
Samsung Galaxy,Battery life on the Samsung Galaxy is excellent.,2016-09-04 15:29:47,neutral
Samsung Galaxy,I'm impressed with the build quality of the Samsung Galaxy.,2016-09-20 07:39:55,positive
OnePlus,Battery life on the OnePlus is excellent.,2016-07-08 01:34:50,positive
Xiaomi,The camera on the Xiaomi is disappointing.,2016-07-16 11:05:21,neutral
Samsung Galaxy,Battery life on the Samsung Galaxy could be better.,2016-09-09 16:37:04,neutral
OnePlus,My OnePlus is slower than expected.,2016-08-18 05:17:53,positive
OnePlus,Why is my OnePlus overheating?,2016-08-15 16:52:47,negative
Xiaomi,The Xiaomi has exceeded my expectations!,2016-07-08 20:03:11,negative
iPhone,Battery life on the iPhone could be better.,2016-07-30 13:44:55,positive
Google Pixel,My Google Pixel is slower than expected.,2016-07-04 22:51:06,neutral
Samsung Galaxy,Battery life on the Samsung Galaxy is excellent.,2016-07-03 11:53:11,negative
OnePlus,The camera quality on the OnePlus is amazing.,2016-09-06 05:42:13,negative
Samsung Galaxy,Having some issues with my Samsung Galaxy. Anyone else?,2016-09-28 22:36:51,neutral
OnePlus,Just got my new OnePlus! Loving it so far.,2016-07-21 08:57:51,neutral
iPhone,Why is my iPhone overheating?,2016-07-03 21:17:57,positive
Google Pixel,Not too impressed with the Google Pixel. Expected more.,2016-09-16 01:25:34,neutral
iPhone,Not too impressed with the iPhone. Expected more.,2016-07-22 18:17:40,positive
Samsung Galaxy,Touchscreen on my Samsung Galaxy is unresponsive at times.,2016-07-05 16:49:53,neutral
Xiaomi,The Xiaomi keeps crashing. Frustrated!,2016-08-04 03:23:33,neutral
Xiaomi,The Xiaomi has exceeded my expectations!,2016-08-23 12:27:42,negative
Xiaomi,Really happy with the performance of my new Xiaomi.,2016-08-29 04:07:40,neutral
Samsung Galaxy,The display on the Samsung Galaxy is so vibrant and clear.,2016-09-28 21:17:17,negative
Xiaomi,Battery life on the Xiaomi is excellent.,2016-07-14 09:25:30,negative
Google Pixel,I'm impressed with the build quality of the Google Pixel.,2016-08-24 00:31:18,positive
Google Pixel,I'm impressed with the build quality of the Google Pixel.,2016-09-04 23:09:31,negative
Samsung Galaxy,Not too impressed with the Samsung Galaxy. Expected more.,2016-07-10 13:12:09,negative
Xiaomi,Really happy with the performance of my new Xiaomi.,2016-07-07 08:21:27,negative
Xiaomi,I'm impressed with the build quality of the Xiaomi.,2016-08-17 06:56:48,negative
iPhone,Experiencing connectivity issues with the iPhone.,2016-07-23 13:50:51,positive
OnePlus,The camera on the OnePlus is disappointing.,2016-08-28 12:54:13,positive
iPhone,Really happy with the performance of my new iPhone.,2016-08-05 21:42:42,negative
iPhone,Experiencing connectivity issues with the iPhone.,2016-08-15 08:27:57,neutral
iPhone,I'm impressed with the build quality of the iPhone.,2016-09-25 07:12:49,negative
OnePlus,My OnePlus runs all my apps smoothly.,2016-09-29 13:15:59,positive
Samsung Galaxy,My Samsung Galaxy is slower than expected.,2016-07-08 04:43:14,positive
iPhone,The camera quality on the iPhone is amazing.,2016-09-16 17:19:20,positive
Samsung Galaxy,Battery life on the Samsung Galaxy is excellent.,2016-08-19 03:24:56,negative
OnePlus,The OnePlus is really sleek and fast.,2016-08-20 19:54:12,neutral
Xiaomi,Touchscreen on my Xiaomi is unresponsive at times.,2016-09-26 19:11:11,positive
Xiaomi,Just got my new Xiaomi! Loving it so far.,2016-08-16 08:18:50,negative
Google Pixel,Why is my Google Pixel overheating?,2016-07-19 14:39:18,neutral
Google Pixel,Not too impressed with the Google Pixel. Expected more.,2016-07-08 22:07:29,negative
Google Pixel,The Google Pixel is really sleek and fast.,2016-08-06 05:54:18,negative
iPhone,Why is my iPhone overheating?,2016-08-28 04:29:04,neutral
OnePlus,The OnePlus is a great value for the price.,2016-08-24 01:52:53,negative
Samsung Galaxy,The display on the Samsung Galaxy is so vibrant and clear.,2016-09-07 15:29:11,neutral
Google Pixel,The camera quality on the Google Pixel is amazing.,2016-07-18 08:02:05,neutral
Xiaomi,I regret buying the Xiaomi. Not worth the money.,2016-07-09 18:41:28,negative
Samsung Galaxy,My Samsung Galaxy is slower than expected.,2016-07-25 00:39:54,positive
OnePlus,Why is my OnePlus overheating?,2016-09-08 10:04:44,positive
Google Pixel,Battery life on the Google Pixel could be better.,2016-08-17 07:38:36,positive
OnePlus,Why is my OnePlus overheating?,2016-08-05 18:33:14,positive
OnePlus,Why is my OnePlus overheating?,2016-07-02 05:42:15,positive
Samsung Galaxy,Not too impressed with the Samsung Galaxy. Expected more.,2016-09-25 13:08:45,negative
Samsung Galaxy,The camera quality on the Samsung Galaxy is amazing.,2016-07-30 14:37:35,neutral
OnePlus,Why is my OnePlus overheating?,2016-07-29 15:48:17,positive
Xiaomi,I'm impressed with the build quality of the Xiaomi.,2016-08-24 04:41:20,positive
iPhone,Not too impressed with the iPhone. Expected more.,2016-09-09 23:13:24,negative
Xiaomi,Battery life on the Xiaomi could be better.,2016-08-09 14:07:51,neutral
Samsung Galaxy,Experiencing connectivity issues with the Samsung Galaxy.,2016-09-29 12:43:29,neutral
iPhone,Why is my iPhone overheating?,2016-07-28 10:29:29,negative
Samsung Galaxy,Just got my new Samsung Galaxy! Loving it so far.,2016-07-02 09:13:41,neutral
Samsung Galaxy,My Samsung Galaxy is slower than expected.,2016-09-17 06:59:55,negative
OnePlus,Having some issues with my OnePlus. Anyone else?,2016-08-09 02:41:14,neutral
Samsung Galaxy,Just got my new Samsung Galaxy! Loving it so far.,2016-09-15 11:58:51,negative
iPhone,The iPhone has exceeded my expectations!,2016-08-22 10:42:52,positive
OnePlus,Battery life on the OnePlus could be better.,2016-08-28 19:30:54,negative
OnePlus,Experiencing connectivity issues with the OnePlus.,2016-08-07 15:22:59,neutral
Samsung Galaxy,Really happy with the performance of my new Samsung Galaxy.,2016-07-18 08:12:55,positive
iPhone,My iPhone is slower than expected.,2016-07-29 04:43:02,negative
Samsung Galaxy,Experiencing connectivity issues with the Samsung Galaxy.,2016-07-26 17:17:45,neutral
Samsung Galaxy,I'm impressed with the build quality of the Samsung Galaxy.,2016-09-06 23:59:39,negative
Xiaomi,My Xiaomi runs all my apps smoothly.,2016-07-05 15:25:23,negative
OnePlus,Just got my new OnePlus! Loving it so far.,2016-08-11 02:25:36,negative
Google Pixel,Battery life on the Google Pixel could be better.,2016-09-09 23:37:32,positive
OnePlus,Battery life on the OnePlus could be better.,2016-08-01 20:50:11,negative
Samsung Galaxy,Having some issues with my Samsung Galaxy. Anyone else?,2016-07-11 03:50:20,positive
Xiaomi,Having some issues with my Xiaomi. Anyone else?,2016-08-24 16:58:52,neutral
OnePlus,Not too impressed with the OnePlus. Expected more.,2016-07-21 00:22:32,neutral
Xiaomi,Experiencing connectivity issues with the Xiaomi.,2016-09-18 06:31:09,neutral
Samsung Galaxy,The Samsung Galaxy is really sleek and fast.,2016-09-11 18:02:32,positive
Samsung Galaxy,Not too impressed with the Samsung Galaxy. Expected more.,2016-07-22 05:27:08,positive
iPhone,Why is my iPhone overheating?,2016-09-20 14:58:39,negative
Xiaomi,The Xiaomi keeps crashing. Frustrated!,2016-09-05 02:09:45,positive
OnePlus,Touchscreen on my OnePlus is unresponsive at times.,2016-08-06 06:31:09,neutral
Google Pixel,I regret buying the Google Pixel. Not worth the money.,2016-08-03 21:28:49,negative
Samsung Galaxy,The Samsung Galaxy is a great value for the price.,2016-09-13 06:14:14,negative
Google Pixel,Touchscreen on my Google Pixel is unresponsive at times.,2016-07-02 09:23:30,negative
OnePlus,The OnePlus keeps crashing. Frustrated!,2016-09-14 12:15:15,negative
Google Pixel,The camera quality on the Google Pixel is amazing.,2016-09-17 12:23:26,positive
Samsung Galaxy,Having some issues with my Samsung Galaxy. Anyone else?,2016-09-17 06:44:35,negative
OnePlus,Really happy with the performance of my new OnePlus.,2016-09-13 13:19:50,positive
iPhone,Just got my new iPhone! Loving it so far.,2016-08-16 23:24:18,neutral
iPhone,I'm impressed with the build quality of the iPhone.,2016-09-19 07:05:47,neutral
Samsung Galaxy,Battery life on the Samsung Galaxy is excellent.,2016-09-25 07:17:26,negative
Samsung Galaxy,The camera on the Samsung Galaxy is disappointing.,2016-09-15 08:33:16,neutral
Xiaomi,My Xiaomi is slower than expected.,2016-08-04 02:21:05,negative
Xiaomi,My Xiaomi is slower than expected.,2016-09-08 20:56:17,negative
Samsung Galaxy,Really happy with the performance of my new Samsung Galaxy.,2016-07-05 06:21:34,neutral
Google Pixel,My Google Pixel is slower than expected.,2016-08-28 17:09:04,positive
iPhone,Battery life on the iPhone could be better.,2016-07-01 14:39:05,positive
Samsung Galaxy,I regret buying the Samsung Galaxy. Not worth the money.,2016-09-05 15:53:38,neutral
OnePlus,The OnePlus has exceeded my expectations!,2016-08-20 05:08:08,negative
OnePlus,Really happy with the performance of my new OnePlus.,2016-09-12 18:01:37,negative
Google Pixel,The camera on the Google Pixel is disappointing.,2016-09-06 02:31:29,negative
Xiaomi,The Xiaomi keeps crashing. Frustrated!,2016-07-07 23:02:24,neutral
Xiaomi,Just got my new Xiaomi! Loving it so far.,2016-07-31 01:41:48,positive
Samsung Galaxy,The Samsung Galaxy is a great value for the price.,2016-08-16 04:46:55,neutral
OnePlus,The OnePlus is really sleek and fast.,2016-09-08 15:18:30,negative
Google Pixel,Why is my Google Pixel overheating?,2016-09-08 20:58:22,neutral
Google Pixel,The Google Pixel is really sleek and fast.,2016-09-29 19:43:01,negative
Google Pixel,Just got my new Google Pixel! Loving it so far.,2016-09-06 19:24:31,negative
Xiaomi,The Xiaomi keeps crashing. Frustrated!,2016-07-07 23:09:24,positive
iPhone,Why is my iPhone overheating?,2016-07-16 12:01:21,negative
Samsung Galaxy,Having some issues with my Samsung Galaxy. Anyone else?,2016-09-11 11:44:53,positive
